"2026-02-08T18:02:06.591669400Z","101a728e","INFO","SMSRequestHelper.saveMessagetoFile","Message saved to offline data file"
"2026-02-08T18:02:09.607990900Z","8a69a196","INFO","SMSRequestHelper.saveMessagetoFile","Message saved to offline data file"
"2026-02-08T18:05:35.034016500Z","69af04a9","INFO","SMSRequestHelper.saveMessagetoFile","Message saved to offline data file"
"2026-02-08T18:05:36.247609500Z","9888d69f","INFO","SMSRequestHelper.saveMessagetoFile","Message saved to offline data file"
"2026-02-08T18:08:33.026147200Z","9bf5c32d","INFO","SMSRequestHelper.saveMessagetoFile","Message saved to offline data file"
"2026-02-08T18:08:34.374023900Z","2dfefe93","INFO","SMSRequestHelper.saveMessagetoFile","Message saved to offline data file"
"2026-02-08T18:18:55.117330600Z","a47e1aca","INFO","SMSRequestHelper.saveMessagetoFile","Message saved to offline data file"
"2026-02-08T18:19:01.473093Z","17754eab","INFO","SMSRequestHelper.saveMessagetoFile","Message saved to offline data file"
"2026-02-08T18:20:16.953319200Z","c6313aa6","INFO","SMSRequestHelper.saveMessagetoFile","Message saved to offline data file"
"2026-02-08T18:20:18.210443400Z","6c14afe9","INFO","SMSRequestHelper.saveMessagetoFile","Message saved to offline data file"
"2026-02-08T18:22:06.888682800Z","bc1812ac","INFO","SMSRequestHelper.saveMessagetoFile","Message saved to offline data file"
"2026-02-08T18:22:08.273777600Z","4c8474ee","INFO","SMSRequestHelper.saveMessagetoFile","Message saved to offline data file"
"2026-02-08T19:07:33.445508800Z","b926e9bf","INFO","SMSRequestHelper.saveMessagetoFile","Message saved to offline data file"
"2026-02-08T19:07:35.381475200Z","83301fc1","INFO","SMSRequestHelper.saveMessagetoFile","Message saved to offline data file"
"2026-02-08T19:43:21.431252600Z","3aa2da0f","INFO","SMSRequestHelper.saveMessagetoFile","Message saved to offline data file"
"2026-02-08T19:43:22.936172900Z","4b4cca22","INFO","SMSRequestHelper.saveMessagetoFile","Message saved to offline data file"
"2026-02-08T19:43:51.343939Z","99e78a25","INFO","SMSRequestHelper.saveMessagetoFile","Message saved to offline data file"
"2026-02-08T19:43:52.966254400Z","d85aa03a","INFO","SMSRequestHelper.saveMessagetoFile","Message saved to offline data file"
"2026-02-08T20:00:17.844130Z","605bf8b4","INFO","SMSRequestHelper.saveMessagetoFile","Message saved to offline data file"
"2026-02-08T20:00:20.016007600Z","f033dca2","INFO","SMSRequestHelper.saveMessagetoFile","Message saved to offline data file"
"2026-02-08T20:32:19.423824300Z","e031d41c","INFO","SMSRequestHelper.saveMessagetoFile","Message saved to offline data file"
"2026-02-08T20:32:22.683106800Z","61ec11fd","INFO","SMSRequestHelper.saveMessagetoFile","Message saved to offline data file"
"2026-02-08T20:33:09.493761300Z","f429a551","INFO","SMSRequestHelper.saveMessagetoFile","Message saved to offline data file"
"2026-02-08T20:33:11.169022900Z","2030a017","INFO","SMSRequestHelper.saveMessagetoFile","Message saved to offline data file"
"2026-02-08T20:36:53.496763800Z","d4a66890","INFO","SMSRequestHelper.saveMessagetoFile","Message saved to offline data file"
"2026-02-08T20:36:56.201638Z","48ac8390","INFO","SMSRequestHelper.saveMessagetoFile","Message saved to offline data file"
"2026-02-08T20:51:49.638223700Z","9b140ce9","INFO","SMSRequestHelper.saveMessagetoFile","Message saved to offline data file"
"2026-02-08T20:51:51.371627400Z","b310d55c","INFO","SMSRequestHelper.saveMessagetoFile","Message saved to offline data file"
"2026-02-08T20:52:53.209775500Z","e2595977","INFO","SMSRequestHelper.saveMessagetoFile","Message saved to offline data file"
"2026-02-08T20:52:54.360840300Z","a4e65f87","INFO","SMSRequestHelper.saveMessagetoFile","Message saved to offline data file"
"2026-02-08T21:21:22.199096500Z","442bacf6","INFO","SMSRequestHelper.saveMessagetoFile","Message saved to offline data file"
"2026-02-08T21:21:24.050352400Z","05cc5653","INFO","SMSRequestHelper.saveMessagetoFile","Message saved to offline data file"
"2026-02-08T21:21:47.065150400Z","12034114","INFO","SMSRequestHelper.saveMessagetoFile","Message saved to offline data file"
"2026-02-08T21:21:48.347357300Z","4ec8e5f3","INFO","SMSRequestHelper.saveMessagetoFile","Message saved to offline data file"
"2026-02-08T21:27:04.049558200Z","c0f4c053","INFO","SMSRequestHelper.saveMessagetoFile","Message saved to offline data file"
"2026-02-08T21:27:05.673145300Z","d2e462a2","INFO","SMSRequestHelper.saveMessagetoFile","Message saved to offline data file"
