"2026-02-10T07:29:27.850456600Z","ae7390ee","INFO","ApiKeyNSecretInterceptor.preHandle","Incoming Request: x-api-key=sTr@****ry$!, x-api-secret=iCeC****@M&!"
"2026-02-10T07:29:27.998828900Z","f15b64b9","INFO","ApiKeyNSecretHelper.validateApiCredentials","[API Validation] ✅ API key & secret validated successfully | apiKey=sTr@wBerry$!"
"2026-02-10T07:29:28.002894Z","e2b22918","INFO","ClientIpHelper.validateAPIClientIp","[API Client IP Validation] ✅ Client IP validated successfully | apiKey=sTr@wBerry$! | IP=192.168.1.124"
"2026-02-10T07:29:28.005894700Z","fab2f035","INFO","UserManagementController.loginUser","Request ID: 0a68b866-d644-4447-8c10-fb703e7c8d4b, Login attempt for username: RDK006"
"2026-02-10T07:29:28.117618200Z","9b5be4f1","INFO","UserManagementService.userLogin","[Login] Request ID: 0a68b866-d644-4447-8c10-fb703e7c8d4b, Login attempt for userManagement: RDK006, Performed by: UNKNOWN"
"2026-02-10T07:29:28.119616600Z","77d5fe75","INFO","UserManagementService.userLogin","[Login] Request ID: 0a68b866-d644-4447-8c10-fb703e7c8d4b, Checking if userManagement exists: RDK006"
"2026-02-10T07:29:28.287743800Z","2be69549","INFO","UserManagementService.userLogin","[Login] Request ID: 0a68b866-d644-4447-8c10-fb703e7c8d4b, User found: RDK006, DefaultPwd: false, Active: true"
"2026-02-10T07:29:28.319973300Z","cba59a84","INFO","UserManagementService.userLogin","[Login] Request ID: 0a68b866-d644-4447-8c10-fb703e7c8d4b, Verifying password for userManagement: RDK006"
"2026-02-10T07:29:28.449098400Z","bd92fda3","INFO","UserManagementService.userLogin","[Login] Request ID: 0a68b866-d644-4447-8c10-fb703e7c8d4b, Reset failed attempts for userManagement: RDK006"
"2026-02-10T07:29:28.756821300Z","75c100ad","INFO","UserManagementService.userLogin","[Login] Request ID: 0a68b866-d644-4447-8c10-fb703e7c8d4b, Successful login for userManagement: RDK006"
"2026-02-10T07:29:28.760810300Z","4136e946","INFO","UserManagementService.userLogin","[Login] Request ID: 0a68b866-d644-4447-8c10-fb703e7c8d4b, Final response for userManagement: RDK006, code: 200"
"2026-02-10T07:29:28.781561Z","320f66fb","INFO","UserManagementController.loginUser","Request ID: 0a68b866-d644-4447-8c10-fb703e7c8d4b, Login response: {""data"":{""role"":""oracle"",""is_active"":true,""user_id"":""RDK006"",""last_login"":""2026-02-09T15:14:27.015919"",""staff_id"":""USG00060"",""phone_number"":""+233555442117"",""is_default_password"":false,""email"":""koteidjanerapheal@gmail.com"",""username"":""USG00060"",""token"":""eyJhbGciOiJIUzUxMiJ9.eyJzdWIiOiJSREswMDYiLCJpYXQiOjE3NzA3MDg1NjgsImV4cCI6MTc3MDc5NDk2OH0.WIY73UccQRFmj_u_mLd7XxV_5R6My7Zcjdz0lp3mT5hVHMi9-7Y09Pc7WFvYCBJa3bUdoE04J4qtvdxwCUOeXA""},""user_id"":""RDK006"",""message"":""Login successful"",""responseCode"":200}"
"2026-02-10T07:29:29.016195500Z","4b6acf06","INFO","SMSRequestHelper.submitMessageToInfoBib","Submitting message to Infobip: Dear Dr. Rapheal Djane Kotei, your OTP for the API Automation login is: 750495. It expires in 5 minutes."
"2026-02-10T07:29:31.856345200Z","1753450c","INFO","SMSRequestHelper.submitMessageToInfoBib","Submitting message to Infobip: Hi USG00060, your login to the API Automation was successful on Tuesday, February 10, 2026 at 07:29:31 AM. If this wasn't you, contact support."
"2026-02-10T07:32:41.881441100Z","5060cf61","INFO","ApiKeyNSecretInterceptor.preHandle","Incoming Request: x-api-key=sTr@****ry$!, x-api-secret=iCeC****@M&!"
"2026-02-10T07:32:41.890706100Z","ec3bded9","INFO","ApiKeyNSecretHelper.validateApiCredentials","[API Validation] ✅ API key & secret validated successfully | apiKey=sTr@wBerry$!"
"2026-02-10T07:32:41.893755900Z","1fcc8f50","INFO","ClientIpHelper.validateAPIClientIp","[API Client IP Validation] ✅ Client IP validated successfully | apiKey=sTr@wBerry$! | IP=192.168.1.124"
"2026-02-10T07:32:41.895677400Z","d3fbb65b","INFO","UserManagementController.loginUser","Request ID: b3c899b6-aa54-4fd6-b23c-8bc5ec4ee7a6, Login attempt for username: RDK006"
"2026-02-10T07:32:41.904896500Z","2938cee4","INFO","UserManagementService.userLogin","[Login] Request ID: b3c899b6-aa54-4fd6-b23c-8bc5ec4ee7a6, Login attempt for userManagement: RDK006, Performed by: UNKNOWN"
"2026-02-10T07:32:41.908623800Z","3be5d0f3","INFO","UserManagementService.userLogin","[Login] Request ID: b3c899b6-aa54-4fd6-b23c-8bc5ec4ee7a6, Checking if userManagement exists: RDK006"
"2026-02-10T07:32:41.913086100Z","4b63c19c","INFO","UserManagementService.userLogin","[Login] Request ID: b3c899b6-aa54-4fd6-b23c-8bc5ec4ee7a6, User found: RDK006, DefaultPwd: false, Active: true"
"2026-02-10T07:32:41.923407600Z","357a46a8","INFO","UserManagementService.userLogin","[Login] Request ID: b3c899b6-aa54-4fd6-b23c-8bc5ec4ee7a6, Verifying password for userManagement: RDK006"
"2026-02-10T07:32:42.050985200Z","9cf2de54","INFO","UserManagementService.userLogin","[Login] Request ID: b3c899b6-aa54-4fd6-b23c-8bc5ec4ee7a6, Reset failed attempts for userManagement: RDK006"
"2026-02-10T07:32:42.069720400Z","0bff4a32","INFO","UserManagementService.userLogin","[Login] Request ID: b3c899b6-aa54-4fd6-b23c-8bc5ec4ee7a6, Successful login for userManagement: RDK006"
"2026-02-10T07:32:42.069720400Z","01c0d8df","INFO","UserManagementService.userLogin","[Login] Request ID: b3c899b6-aa54-4fd6-b23c-8bc5ec4ee7a6, Final response for userManagement: RDK006, code: 200"
"2026-02-10T07:32:42.069720400Z","85ad34c0","INFO","UserManagementController.loginUser","Request ID: b3c899b6-aa54-4fd6-b23c-8bc5ec4ee7a6, Login response: {""data"":{""role"":""oracle"",""is_active"":true,""user_id"":""RDK006"",""last_login"":""2026-02-10T07:29:31.766058"",""staff_id"":""USG00060"",""phone_number"":""+233555442117"",""is_default_password"":false,""email"":""koteidjanerapheal@gmail.com"",""username"":""USG00060"",""token"":""eyJhbGciOiJIUzUxMiJ9.eyJzdWIiOiJSREswMDYiLCJpYXQiOjE3NzA3MDg3NjIsImV4cCI6MTc3MDc5NTE2Mn0.3AjNr7MoEi6XrDqWozBSTVZ8UKKOfWkIFZlPFKYjkeumdnvNr27RYX2DtL6ZFmhE19gy6bYOyPY56ysCLeBVlA""},""user_id"":""RDK006"",""message"":""Login successful"",""responseCode"":200}"
"2026-02-10T07:32:42.124220Z","b28dc525","INFO","SMSRequestHelper.submitMessageToInfoBib","Submitting message to Infobip: Dear Dr. Rapheal Djane Kotei, your OTP for the API Automation login is: 175740. It expires in 5 minutes."
"2026-02-10T07:32:43.864860Z","941e9487","INFO","SMSRequestHelper.submitMessageToInfoBib","Submitting message to Infobip: Hi USG00060, your login to the API Automation was successful on Tuesday, February 10, 2026 at 07:32:43 AM. If this wasn't you, contact support."
"2026-02-10T07:50:07.774830Z","c56300d9","INFO","ApiKeyNSecretInterceptor.preHandle","Incoming Request: x-api-key=sTr@****ry$!, x-api-secret=iCeC****@M&!"
"2026-02-10T07:50:08.110212700Z","bf86ea9a","INFO","ApiKeyNSecretHelper.validateApiCredentials","[API Validation] ✅ API key & secret validated successfully | apiKey=sTr@wBerry$!"
"2026-02-10T07:50:08.123909600Z","d6e69e7d","INFO","ClientIpHelper.validateAPIClientIp","[API Client IP Validation] ✅ Client IP validated successfully | apiKey=sTr@wBerry$! | IP=192.168.1.124"
"2026-02-10T07:50:08.133345Z","3c520e00","INFO","UserManagementController.loginUser","Request ID: 4d5e2f2f-14bb-4c65-ba98-80f55ff50672, Login attempt for username: RDK006"
"2026-02-10T07:50:08.397437300Z","856b63f3","INFO","UserManagementService.userLogin","[Login] Request ID: 4d5e2f2f-14bb-4c65-ba98-80f55ff50672, Login attempt for userManagement: RDK006, Performed by: UNKNOWN"
"2026-02-10T07:50:08.404282300Z","9dfef911","INFO","UserManagementService.userLogin","[Login] Request ID: 4d5e2f2f-14bb-4c65-ba98-80f55ff50672, Checking if userManagement exists: RDK006"
"2026-02-10T07:50:08.808594800Z","a096dd8f","INFO","UserManagementService.userLogin","[Login] Request ID: 4d5e2f2f-14bb-4c65-ba98-80f55ff50672, User found: RDK006, DefaultPwd: false, Active: true"
"2026-02-10T07:50:08.824289400Z","563bdcfa","INFO","UserManagementService.userLogin","[Login] Request ID: 4d5e2f2f-14bb-4c65-ba98-80f55ff50672, Verifying password for userManagement: RDK006"
"2026-02-10T07:50:09.174556400Z","eecf5231","INFO","UserManagementService.userLogin","[Login] Request ID: 4d5e2f2f-14bb-4c65-ba98-80f55ff50672, Reset failed attempts for userManagement: RDK006"
"2026-02-10T07:50:09.613454300Z","1c67db82","INFO","UserManagementService.userLogin","[Login] Request ID: 4d5e2f2f-14bb-4c65-ba98-80f55ff50672, Successful login for userManagement: RDK006"
"2026-02-10T07:50:09.613454300Z","d2840a08","INFO","UserManagementService.userLogin","[Login] Request ID: 4d5e2f2f-14bb-4c65-ba98-80f55ff50672, Final response for userManagement: RDK006, code: 200"
"2026-02-10T07:50:09.654152300Z","a1d7b892","INFO","UserManagementController.loginUser","Request ID: 4d5e2f2f-14bb-4c65-ba98-80f55ff50672, Login response: {""data"":{""role"":""oracle"",""is_active"":true,""user_id"":""RDK006"",""last_login"":""2026-02-10T07:32:43.862859"",""staff_id"":""USG00060"",""phone_number"":""+233555442117"",""is_default_password"":false,""email"":""koteidjanerapheal@gmail.com"",""username"":""USG00060"",""token"":""eyJhbGciOiJIUzUxMiJ9.eyJzdWIiOiJSREswMDYiLCJpYXQiOjE3NzA3MDk4MDksImV4cCI6MTc3MDc5NjIwOX0.9-bRY59yuQnaQMAAY4jqugA8j8EPu0uRH0iuoedXzwJYALC4s5c0U1eDJhV-UZR-4Zs_jT8gMO355IaDxdnA2w""},""user_id"":""RDK006"",""message"":""Login successful"",""responseCode"":200}"
"2026-02-10T07:50:09.997195700Z","90fb2183","INFO","SMSRequestHelper.submitMessageToInfoBib","Submitting message to Infobip: Dear Dr. Rapheal Djane Kotei, your OTP for the API Automation login is: 193074. It expires in 5 minutes."
"2026-02-10T07:50:13.004381200Z","a2725929","INFO","SMSRequestHelper.submitMessageToInfoBib","Submitting message to Infobip: Hi USG00060, your login to the API Automation was successful on Tuesday, February 10, 2026 at 07:50:12 AM. If this wasn't you, contact support."
"2026-02-10T07:57:19.785800600Z","75b047df","INFO","ApiKeyNSecretInterceptor.preHandle","Incoming Request: x-api-key=sTr@****ry$!, x-api-secret=iCeC****@M&!"
"2026-02-10T07:57:20.105022500Z","b4abfe62","INFO","ApiKeyNSecretHelper.validateApiCredentials","[API Validation] ✅ API key & secret validated successfully | apiKey=sTr@wBerry$!"
"2026-02-10T07:57:20.120195800Z","b7262166","INFO","ClientIpHelper.validateAPIClientIp","[API Client IP Validation] ✅ Client IP validated successfully | apiKey=sTr@wBerry$! | IP=192.168.1.124"
"2026-02-10T07:57:20.126613600Z","1bcdb569","INFO","UserManagementController.loginUser","Request ID: bd496917-3202-49e9-907b-c129ab4af4e4, Login attempt for username: RDK006"
"2026-02-10T07:57:20.374361800Z","7f101bfc","INFO","UserManagementService.userLogin","[Login] Request ID: bd496917-3202-49e9-907b-c129ab4af4e4, Login attempt for userManagement: RDK006, Performed by: UNKNOWN"
"2026-02-10T07:57:20.380885200Z","ab79c62f","INFO","UserManagementService.userLogin","[Login] Request ID: bd496917-3202-49e9-907b-c129ab4af4e4, Checking if userManagement exists: RDK006"
"2026-02-10T07:57:20.747008100Z","7c3d4d74","INFO","UserManagementService.userLogin","[Login] Request ID: bd496917-3202-49e9-907b-c129ab4af4e4, User found: RDK006, DefaultPwd: false, Active: true"
"2026-02-10T07:57:20.764304200Z","d7e7bd6b","INFO","UserManagementService.userLogin","[Login] Request ID: bd496917-3202-49e9-907b-c129ab4af4e4, Verifying password for userManagement: RDK006"
"2026-02-10T07:57:21.149588600Z","571efbef","INFO","UserManagementService.userLogin","[Login] Request ID: bd496917-3202-49e9-907b-c129ab4af4e4, Reset failed attempts for userManagement: RDK006"
"2026-02-10T07:57:21.590905Z","ef16822d","INFO","UserManagementService.userLogin","[Login] Request ID: bd496917-3202-49e9-907b-c129ab4af4e4, Successful login for userManagement: RDK006"
"2026-02-10T07:57:21.597934400Z","0d45702f","INFO","UserManagementService.userLogin","[Login] Request ID: bd496917-3202-49e9-907b-c129ab4af4e4, Final response for userManagement: RDK006, code: 200"
"2026-02-10T07:57:21.626050700Z","f54e4df3","INFO","UserManagementController.loginUser","Request ID: bd496917-3202-49e9-907b-c129ab4af4e4, Login response: {""data"":{""role"":""oracle"",""is_active"":true,""user_id"":""RDK006"",""last_login"":""2026-02-10T07:50:12.880374"",""staff_id"":""USG00060"",""phone_number"":""+233555442117"",""is_default_password"":false,""email"":""koteidjanerapheal@gmail.com"",""username"":""USG00060"",""token"":""eyJhbGciOiJIUzUxMiJ9.eyJzdWIiOiJSREswMDYiLCJpYXQiOjE3NzA3MTAyNDEsImV4cCI6MTc3MDc5NjY0MX0.u2sqaJWW6rBcGOt-q4FerwzaCObic2h77jQRvQ4yPD3L2ExrzrqRgssGWMzPphJ0PddAz1CqpcDYF1KGbDLVjg""},""user_id"":""RDK006"",""message"":""Login successful"",""responseCode"":200}"
"2026-02-10T07:57:21.953272700Z","d4877b43","INFO","SMSRequestHelper.submitMessageToInfoBib","Submitting message to Infobip: Dear Dr. Rapheal Djane Kotei, your OTP for the API Automation login is: 183888. It expires in 5 minutes."
"2026-02-10T08:00:20.702481100Z","c6e04414","INFO","ApiKeyNSecretInterceptor.preHandle","Incoming Request: x-api-key=sTr@****ry$!, x-api-secret=iCeC****@M&!"
"2026-02-10T08:00:20.715179900Z","bbfc1e46","INFO","ApiKeyNSecretHelper.validateApiCredentials","[API Validation] ✅ API key & secret validated successfully | apiKey=sTr@wBerry$!"
"2026-02-10T08:00:20.722022Z","656778c1","INFO","ClientIpHelper.validateAPIClientIp","[API Client IP Validation] ✅ Client IP validated successfully | apiKey=sTr@wBerry$! | IP=192.168.1.124"
"2026-02-10T08:00:20.735905600Z","84b34831","INFO","UserManagementController.loginUser","Request ID: c9f07dd5-96c7-4b49-9cb4-70a18813075d, Login attempt for username: RDK006"
"2026-02-10T08:00:20.748842500Z","1dcb4a57","INFO","UserManagementService.userLogin","[Login] Request ID: c9f07dd5-96c7-4b49-9cb4-70a18813075d, Login attempt for userManagement: RDK006, Performed by: UNKNOWN"
"2026-02-10T08:00:20.754779600Z","43908fdc","INFO","UserManagementService.userLogin","[Login] Request ID: c9f07dd5-96c7-4b49-9cb4-70a18813075d, Checking if userManagement exists: RDK006"
"2026-02-10T08:00:20.768307300Z","4c9152b5","INFO","UserManagementService.userLogin","[Login] Request ID: c9f07dd5-96c7-4b49-9cb4-70a18813075d, User found: RDK006, DefaultPwd: false, Active: true"
"2026-02-10T08:00:20.781765700Z","d0437f0a","INFO","UserManagementService.userLogin","[Login] Request ID: c9f07dd5-96c7-4b49-9cb4-70a18813075d, Verifying password for userManagement: RDK006"
"2026-02-10T08:00:21.113250500Z","7ddf62e7","INFO","UserManagementService.userLogin","[Login] Request ID: c9f07dd5-96c7-4b49-9cb4-70a18813075d, Reset failed attempts for userManagement: RDK006"
"2026-02-10T08:00:21.137673400Z","2b71bb91","INFO","UserManagementService.userLogin","[Login] Request ID: c9f07dd5-96c7-4b49-9cb4-70a18813075d, Successful login for userManagement: RDK006"
"2026-02-10T08:00:21.151010900Z","dd3aabbe","INFO","UserManagementService.userLogin","[Login] Request ID: c9f07dd5-96c7-4b49-9cb4-70a18813075d, Final response for userManagement: RDK006, code: 200"
"2026-02-10T08:00:21.165346300Z","752b57e0","INFO","UserManagementController.loginUser","Request ID: c9f07dd5-96c7-4b49-9cb4-70a18813075d, Login response: {""data"":{""role"":""oracle"",""is_active"":true,""user_id"":""RDK006"",""last_login"":""2026-02-10T07:57:21.510104"",""staff_id"":""USG00060"",""phone_number"":""+233555442117"",""is_default_password"":false,""email"":""koteidjanerapheal@gmail.com"",""username"":""USG00060"",""token"":""eyJhbGciOiJIUzUxMiJ9.eyJzdWIiOiJSREswMDYiLCJpYXQiOjE3NzA3MTA0MjEsImV4cCI6MTc3MDc5NjgyMX0.61tqb5lsCiDZ_LBNsxPn-P1m9_xgtVbXjypnTdFoxIJDxzBiNNkH7DdCYFETjFLJPmQ1PXs60KWk9qv4XSBrmg""},""user_id"":""RDK006"",""message"":""Login successful"",""responseCode"":200}"
"2026-02-10T08:00:21.244408200Z","f4fd6a9c","INFO","SMSRequestHelper.submitMessageToInfoBib","Submitting message to Infobip: Dear Dr. Rapheal Djane Kotei, your OTP for the API Automation login is: 231306. It expires in 5 minutes."
"2026-02-10T08:00:22.868074700Z","6e10d9ee","INFO","SMSRequestHelper.submitMessageToInfoBib","Submitting message to Infobip: Hi USG00060, your login to the API Automation was successful on Tuesday, February 10, 2026 at 08:00:22 AM. If this wasn't you, contact support."
"2026-02-10T08:02:36.215346800Z","9a21d780","INFO","ApiKeyNSecretInterceptor.preHandle","Incoming Request: x-api-key=sTr@****ry$!, x-api-secret=iCeC****@M&!"
"2026-02-10T08:02:36.229475800Z","ad093d7e","INFO","ApiKeyNSecretHelper.validateApiCredentials","[API Validation] ✅ API key & secret validated successfully | apiKey=sTr@wBerry$!"
"2026-02-10T08:02:36.241427600Z","d8844ce2","INFO","ClientIpHelper.validateAPIClientIp","[API Client IP Validation] ✅ Client IP validated successfully | apiKey=sTr@wBerry$! | IP=192.168.1.124"
"2026-02-10T08:02:36.247186200Z","01f713f3","INFO","UserManagementController.loginUser","Request ID: 4a043815-3679-4189-b10b-2abc108eb3c2, Login attempt for username: RDK006"
"2026-02-10T08:02:36.263422500Z","0a2a4f74","INFO","UserManagementService.userLogin","[Login] Request ID: 4a043815-3679-4189-b10b-2abc108eb3c2, Login attempt for userManagement: RDK006, Performed by: UNKNOWN"
"2026-02-10T08:02:36.263422500Z","f6882a5c","INFO","UserManagementService.userLogin","[Login] Request ID: 4a043815-3679-4189-b10b-2abc108eb3c2, Checking if userManagement exists: RDK006"
"2026-02-10T08:02:36.279403800Z","fba27193","INFO","UserManagementService.userLogin","[Login] Request ID: 4a043815-3679-4189-b10b-2abc108eb3c2, User found: RDK006, DefaultPwd: false, Active: true"
"2026-02-10T08:02:36.298563700Z","5de05ea6","INFO","UserManagementService.userLogin","[Login] Request ID: 4a043815-3679-4189-b10b-2abc108eb3c2, Verifying password for userManagement: RDK006"
"2026-02-10T08:02:36.624475200Z","4421da63","INFO","UserManagementService.userLogin","[Login] Request ID: 4a043815-3679-4189-b10b-2abc108eb3c2, Reset failed attempts for userManagement: RDK006"
"2026-02-10T08:02:36.647819800Z","5eff81da","INFO","UserManagementService.userLogin","[Login] Request ID: 4a043815-3679-4189-b10b-2abc108eb3c2, Successful login for userManagement: RDK006"
"2026-02-10T08:02:36.649878300Z","6a04a825","INFO","UserManagementService.userLogin","[Login] Request ID: 4a043815-3679-4189-b10b-2abc108eb3c2, Final response for userManagement: RDK006, code: 200"
"2026-02-10T08:02:36.661522100Z","497dfaaf","INFO","UserManagementController.loginUser","Request ID: 4a043815-3679-4189-b10b-2abc108eb3c2, Login response: {""data"":{""role"":""oracle"",""is_active"":true,""user_id"":""RDK006"",""last_login"":""2026-02-10T08:00:22.715968"",""staff_id"":""USG00060"",""phone_number"":""+233555442117"",""is_default_password"":false,""email"":""koteidjanerapheal@gmail.com"",""username"":""USG00060"",""token"":""eyJhbGciOiJIUzUxMiJ9.eyJzdWIiOiJSREswMDYiLCJpYXQiOjE3NzA3MTA1NTYsImV4cCI6MTc3MDc5Njk1Nn0.UGI9RGwBBkTjc7M_0EB55LI9JHGmq5JOxPfg3YK3uKbWsFKOCO9iA8qlPgi-Oo90c68MLHFedd7TXMurN8GAew""},""user_id"":""RDK006"",""message"":""Login successful"",""responseCode"":200}"
"2026-02-10T08:02:36.729041300Z","b28282a1","INFO","SMSRequestHelper.submitMessageToInfoBib","Submitting message to Infobip: Dear Dr. Rapheal Djane Kotei, your OTP for the API Automation login is: 399770. It expires in 5 minutes."
"2026-02-10T08:02:38.043204200Z","f163921e","INFO","SMSRequestHelper.submitMessageToInfoBib","Submitting message to Infobip: Hi USG00060, your login to the API Automation was successful on Tuesday, February 10, 2026 at 08:02:38 AM. If this wasn't you, contact support."
"2026-02-10T08:07:03.522834400Z","e95b3e32","INFO","ApiKeyNSecretInterceptor.preHandle","Incoming Request: x-api-key=sTr@****ry$!, x-api-secret=iCeC****@M&!"
"2026-02-10T08:07:03.527717400Z","1bab17bd","INFO","ApiKeyNSecretHelper.validateApiCredentials","[API Validation] ✅ API key & secret validated successfully | apiKey=sTr@wBerry$!"
"2026-02-10T08:07:03.533051800Z","0294e419","INFO","ClientIpHelper.validateAPIClientIp","[API Client IP Validation] ✅ Client IP validated successfully | apiKey=sTr@wBerry$! | IP=192.168.1.124"
"2026-02-10T08:07:03.535051300Z","7cd31d72","INFO","UserManagementController.loginUser","Request ID: 661b148b-ea6f-423c-b3eb-fd14c1212c26, Login attempt for username: RDK006"
"2026-02-10T08:07:03.540178800Z","2b9ee7bc","INFO","UserManagementService.userLogin","[Login] Request ID: 661b148b-ea6f-423c-b3eb-fd14c1212c26, Login attempt for userManagement: RDK006, Performed by: UNKNOWN"
"2026-02-10T08:07:03.540178800Z","509dac79","INFO","UserManagementService.userLogin","[Login] Request ID: 661b148b-ea6f-423c-b3eb-fd14c1212c26, Checking if userManagement exists: RDK006"
"2026-02-10T08:07:03.550643800Z","a766f79b","INFO","UserManagementService.userLogin","[Login] Request ID: 661b148b-ea6f-423c-b3eb-fd14c1212c26, User found: RDK006, DefaultPwd: false, Active: true"
"2026-02-10T08:07:03.550643800Z","20a6366d","INFO","UserManagementService.userLogin","[Login] Request ID: 661b148b-ea6f-423c-b3eb-fd14c1212c26, Verifying password for userManagement: RDK006"
"2026-02-10T08:07:03.710939700Z","d8f23290","INFO","UserManagementService.userLogin","[Login] Request ID: 661b148b-ea6f-423c-b3eb-fd14c1212c26, Reset failed attempts for userManagement: RDK006"
"2026-02-10T08:07:03.727609300Z","859d8638","INFO","UserManagementService.userLogin","[Login] Request ID: 661b148b-ea6f-423c-b3eb-fd14c1212c26, Successful login for userManagement: RDK006"
"2026-02-10T08:07:03.731103Z","55823551","INFO","UserManagementService.userLogin","[Login] Request ID: 661b148b-ea6f-423c-b3eb-fd14c1212c26, Final response for userManagement: RDK006, code: 200"
"2026-02-10T08:07:03.735445900Z","5fc65c3d","INFO","UserManagementController.loginUser","Request ID: 661b148b-ea6f-423c-b3eb-fd14c1212c26, Login response: {""data"":{""role"":""oracle"",""is_active"":true,""user_id"":""RDK006"",""last_login"":""2026-02-10T08:02:38.039135"",""staff_id"":""USG00060"",""phone_number"":""+233555442117"",""is_default_password"":false,""email"":""koteidjanerapheal@gmail.com"",""username"":""USG00060"",""token"":""eyJhbGciOiJIUzUxMiJ9.eyJzdWIiOiJSREswMDYiLCJpYXQiOjE3NzA3MTA4MjMsImV4cCI6MTc3MDc5NzIyM30.Kw3ayplKNv38g2762w44TFm0vTPPWlfSQCXs7Sqk3Y1hrXC9vL0EOqzlaQOluZSwfIuMCwh3B1DIg_ZSQ95KxA""},""user_id"":""RDK006"",""message"":""Login successful"",""responseCode"":200}"
"2026-02-10T08:07:03.777373100Z","4817040d","INFO","SMSRequestHelper.submitMessageToInfoBib","Submitting message to Infobip: Dear Dr. Rapheal Djane Kotei, your OTP for the API Automation login is: 608237. It expires in 5 minutes."
"2026-02-10T08:07:05.190961300Z","411a3481","INFO","SMSRequestHelper.submitMessageToInfoBib","Submitting message to Infobip: Hi USG00060, your login to the API Automation was successful on Tuesday, February 10, 2026 at 08:07:05 AM. If this wasn't you, contact support."
"2026-02-10T08:42:31.415185600Z","fe7bb9c4","INFO","ApiKeyNSecretInterceptor.preHandle","Incoming Request: x-api-key=sTr@****ry$!, x-api-secret=iCeC****@M&!"
"2026-02-10T08:42:31.423861200Z","2bffcfa9","INFO","ApiKeyNSecretHelper.validateApiCredentials","[API Validation] ✅ API key & secret validated successfully | apiKey=sTr@wBerry$!"
"2026-02-10T08:42:31.432653800Z","94261753","INFO","ClientIpHelper.validateAPIClientIp","[API Client IP Validation] ✅ Client IP validated successfully | apiKey=sTr@wBerry$! | IP=192.168.1.124"
"2026-02-10T08:42:31.432653800Z","07ed893e","INFO","UserManagementController.loginUser","Request ID: 9e38766e-9397-4e5c-8db7-567adc855252, Login attempt for username: RDK006"
"2026-02-10T08:42:31.448187100Z","dab77b93","INFO","UserManagementService.userLogin","[Login] Request ID: 9e38766e-9397-4e5c-8db7-567adc855252, Login attempt for userManagement: RDK006, Performed by: UNKNOWN"
"2026-02-10T08:42:31.451581700Z","fd3ca97c","INFO","UserManagementService.userLogin","[Login] Request ID: 9e38766e-9397-4e5c-8db7-567adc855252, Checking if userManagement exists: RDK006"
"2026-02-10T08:42:31.464381600Z","2b7bbd4d","INFO","UserManagementService.userLogin","[Login] Request ID: 9e38766e-9397-4e5c-8db7-567adc855252, User found: RDK006, DefaultPwd: false, Active: true"
"2026-02-10T08:42:31.464381600Z","1f69331c","INFO","UserManagementService.userLogin","[Login] Request ID: 9e38766e-9397-4e5c-8db7-567adc855252, Verifying password for userManagement: RDK006"
"2026-02-10T08:42:31.614063300Z","7a4d94ae","INFO","UserManagementService.userLogin","[Login] Request ID: 9e38766e-9397-4e5c-8db7-567adc855252, Reset failed attempts for userManagement: RDK006"
"2026-02-10T08:42:31.627338900Z","5fdc8607","INFO","UserManagementService.userLogin","[Login] Request ID: 9e38766e-9397-4e5c-8db7-567adc855252, Successful login for userManagement: RDK006"
"2026-02-10T08:42:31.630681500Z","63405c1a","INFO","UserManagementService.userLogin","[Login] Request ID: 9e38766e-9397-4e5c-8db7-567adc855252, Final response for userManagement: RDK006, code: 200"
"2026-02-10T08:42:31.630681500Z","29d42b87","INFO","UserManagementController.loginUser","Request ID: 9e38766e-9397-4e5c-8db7-567adc855252, Login response: {""data"":{""role"":""oracle"",""is_active"":true,""user_id"":""RDK006"",""last_login"":""2026-02-10T08:07:05.18829"",""staff_id"":""USG00060"",""phone_number"":""+233555442117"",""is_default_password"":false,""email"":""koteidjanerapheal@gmail.com"",""username"":""USG00060"",""token"":""eyJhbGciOiJIUzUxMiJ9.eyJzdWIiOiJSREswMDYiLCJpYXQiOjE3NzA3MTI5NTEsImV4cCI6MTc3MDc5OTM1MX0.4CK1VLxzc4fOug-coeFMs6as7syG6BvNt7LPgAestdmWLNFI0ciimUiTqC3gpQvPlQytI-R6js_4J3LNUDbKhg""},""user_id"":""RDK006"",""message"":""Login successful"",""responseCode"":200}"
"2026-02-10T08:42:31.666178100Z","104024ea","INFO","SMSRequestHelper.submitMessageToInfoBib","Submitting message to Infobip: Dear Dr. Rapheal Djane Kotei, your OTP for the API Automation login is: 640475. It expires in 5 minutes."
"2026-02-10T08:42:33.065213100Z","53e91798","INFO","SMSRequestHelper.submitMessageToInfoBib","Submitting message to Infobip: Hi USG00060, your login to the API Automation was successful on Tuesday, February 10, 2026 at 08:42:33 AM. If this wasn't you, contact support."
"2026-02-10T08:44:24.911270400Z","2c0d9535","INFO","ApiKeyNSecretInterceptor.preHandle","Incoming Request: x-api-key=sTr@****ry$!, x-api-secret=iCeC****@M&!"
"2026-02-10T08:44:24.915691300Z","fd80f8c1","INFO","ApiKeyNSecretHelper.validateApiCredentials","[API Validation] ✅ API key & secret validated successfully | apiKey=sTr@wBerry$!"
"2026-02-10T08:44:24.926264Z","461d1e0b","INFO","ClientIpHelper.validateAPIClientIp","[API Client IP Validation] ✅ Client IP validated successfully | apiKey=sTr@wBerry$! | IP=192.168.1.124"
"2026-02-10T08:44:24.926264Z","366344a1","INFO","UserManagementController.loginUser","Request ID: b4b18d5e-27f8-44c3-a921-a6e9ffd99e27, Login attempt for username: RDK006"
"2026-02-10T08:44:24.946893400Z","4ba26ebc","INFO","UserManagementService.userLogin","[Login] Request ID: b4b18d5e-27f8-44c3-a921-a6e9ffd99e27, Login attempt for userManagement: RDK006, Performed by: UNKNOWN"
"2026-02-10T08:44:24.946893400Z","fec5296a","INFO","UserManagementService.userLogin","[Login] Request ID: b4b18d5e-27f8-44c3-a921-a6e9ffd99e27, Checking if userManagement exists: RDK006"
"2026-02-10T08:44:24.959786600Z","e239fb41","INFO","UserManagementService.userLogin","[Login] Request ID: b4b18d5e-27f8-44c3-a921-a6e9ffd99e27, User found: RDK006, DefaultPwd: false, Active: true"
"2026-02-10T08:44:24.959786600Z","c46476a0","INFO","UserManagementService.userLogin","[Login] Request ID: b4b18d5e-27f8-44c3-a921-a6e9ffd99e27, Verifying password for userManagement: RDK006"
"2026-02-10T08:44:25.109393Z","54075359","INFO","UserManagementService.userLogin","[Login] Request ID: b4b18d5e-27f8-44c3-a921-a6e9ffd99e27, Reset failed attempts for userManagement: RDK006"
"2026-02-10T08:44:25.126938800Z","b3aac9a7","INFO","UserManagementService.userLogin","[Login] Request ID: b4b18d5e-27f8-44c3-a921-a6e9ffd99e27, Successful login for userManagement: RDK006"
"2026-02-10T08:44:25.134235900Z","93d71b27","INFO","UserManagementService.userLogin","[Login] Request ID: b4b18d5e-27f8-44c3-a921-a6e9ffd99e27, Final response for userManagement: RDK006, code: 200"
"2026-02-10T08:44:25.142254Z","121117f3","INFO","UserManagementController.loginUser","Request ID: b4b18d5e-27f8-44c3-a921-a6e9ffd99e27, Login response: {""data"":{""role"":""oracle"",""is_active"":true,""user_id"":""RDK006"",""last_login"":""2026-02-10T08:42:33.05489"",""staff_id"":""USG00060"",""phone_number"":""+233555442117"",""is_default_password"":false,""email"":""koteidjanerapheal@gmail.com"",""username"":""USG00060"",""token"":""eyJhbGciOiJIUzUxMiJ9.eyJzdWIiOiJSREswMDYiLCJpYXQiOjE3NzA3MTMwNjUsImV4cCI6MTc3MDc5OTQ2NX0.qzaddk6dOeaVUHA3uhpaOdIiJ0ffs6_JEUJvbDCZjzJfZbXefgIYS4wsCUglU6pl0mex1_kfyw9Ku_nNcKSCGg""},""user_id"":""RDK006"",""message"":""Login successful"",""responseCode"":200}"
"2026-02-10T08:44:25.175908900Z","be667d97","INFO","SMSRequestHelper.submitMessageToInfoBib","Submitting message to Infobip: Dear Dr. Rapheal Djane Kotei, your OTP for the API Automation login is: 162293. It expires in 5 minutes."
"2026-02-10T08:44:26.426396Z","80376532","INFO","SMSRequestHelper.submitMessageToInfoBib","Submitting message to Infobip: Hi USG00060, your login to the API Automation was successful on Tuesday, February 10, 2026 at 08:44:26 AM. If this wasn't you, contact support."
"2026-02-10T09:03:27.111488200Z","28288752","INFO","ApiKeyNSecretInterceptor.preHandle","Incoming Request: x-api-key=sTr@****ry$!, x-api-secret=iCeC****@M&!"
"2026-02-10T09:03:27.134950600Z","8101ad5d","INFO","ApiKeyNSecretHelper.validateApiCredentials","[API Validation] ✅ API key & secret validated successfully | apiKey=sTr@wBerry$!"
"2026-02-10T09:03:27.138947500Z","6b453e41","INFO","ClientIpHelper.validateAPIClientIp","[API Client IP Validation] ✅ Client IP validated successfully | apiKey=sTr@wBerry$! | IP=192.168.1.124"
"2026-02-10T09:03:27.138947500Z","7a12d129","INFO","UserManagementController.loginUser","Request ID: 8b5d2bfb-c871-4df2-a977-c9a797b5943c, Login attempt for username: RDK006"
"2026-02-10T09:03:27.153627400Z","f66abaa7","INFO","UserManagementService.userLogin","[Login] Request ID: 8b5d2bfb-c871-4df2-a977-c9a797b5943c, Login attempt for userManagement: RDK006, Performed by: UNKNOWN"
"2026-02-10T09:03:27.155630600Z","9545085c","INFO","UserManagementService.userLogin","[Login] Request ID: 8b5d2bfb-c871-4df2-a977-c9a797b5943c, Checking if userManagement exists: RDK006"
"2026-02-10T09:03:27.163214400Z","840a8873","INFO","UserManagementService.userLogin","[Login] Request ID: 8b5d2bfb-c871-4df2-a977-c9a797b5943c, User found: RDK006, DefaultPwd: false, Active: true"
"2026-02-10T09:03:27.170153600Z","455d4ab8","INFO","UserManagementService.userLogin","[Login] Request ID: 8b5d2bfb-c871-4df2-a977-c9a797b5943c, Verifying password for userManagement: RDK006"
"2026-02-10T09:03:27.283337900Z","3dda27ce","INFO","UserManagementService.userLogin","[Login] Request ID: 8b5d2bfb-c871-4df2-a977-c9a797b5943c, Reset failed attempts for userManagement: RDK006"
"2026-02-10T09:03:27.300976900Z","7dfd64e5","INFO","UserManagementService.userLogin","[Login] Request ID: 8b5d2bfb-c871-4df2-a977-c9a797b5943c, Successful login for userManagement: RDK006"
"2026-02-10T09:03:27.300976900Z","d3af8e29","INFO","UserManagementService.userLogin","[Login] Request ID: 8b5d2bfb-c871-4df2-a977-c9a797b5943c, Final response for userManagement: RDK006, code: 200"
"2026-02-10T09:03:27.300976900Z","189ee3b4","INFO","UserManagementController.loginUser","Request ID: 8b5d2bfb-c871-4df2-a977-c9a797b5943c, Login response: {""data"":{""role"":""oracle"",""is_active"":true,""user_id"":""RDK006"",""last_login"":""2026-02-10T08:44:26.442509"",""staff_id"":""USG00060"",""phone_number"":""+233555442117"",""is_default_password"":false,""email"":""koteidjanerapheal@gmail.com"",""username"":""USG00060"",""token"":""eyJhbGciOiJIUzUxMiJ9.eyJzdWIiOiJSREswMDYiLCJpYXQiOjE3NzA3MTQyMDcsImV4cCI6MTc3MDgwMDYwN30.fNDaXPTyQ5pshqy6R3aYJml0ovjASgHiNVQewqAAqDFL3tGWEZvYB5GN9xmkI9m_9WsHHqijHgul_JL-3XYF_Q""},""user_id"":""RDK006"",""message"":""Login successful"",""responseCode"":200}"
"2026-02-10T09:03:27.369621500Z","5ea74679","INFO","SMSRequestHelper.submitMessageToInfoBib","Submitting message to Infobip: Dear Dr. Rapheal Djane Kotei, your OTP for the API Automation login is: 443436. It expires in 5 minutes."
"2026-02-10T09:03:28.542020900Z","3d4a6762","INFO","SMSRequestHelper.submitMessageToInfoBib","Submitting message to Infobip: Hi USG00060, your login to the API Automation was successful on Tuesday, February 10, 2026 at 09:03:28 AM. If this wasn't you, contact support."
"2026-02-10T09:18:14.789066400Z","a7d4fec8","INFO","ApiKeyNSecretInterceptor.preHandle","Incoming Request: x-api-key=sTr@****ry$!, x-api-secret=iCeC****@M&!"
"2026-02-10T09:18:14.790133900Z","35a8e6ea","INFO","ApiKeyNSecretHelper.validateApiCredentials","[API Validation] ✅ API key & secret validated successfully | apiKey=sTr@wBerry$!"
"2026-02-10T09:18:14.790133900Z","d548d66b","INFO","ClientIpHelper.validateAPIClientIp","[API Client IP Validation] ✅ Client IP validated successfully | apiKey=sTr@wBerry$! | IP=192.168.1.124"
"2026-02-10T09:18:14.804181Z","22e44dd4","INFO","UserManagementController.loginUser","Request ID: 4e15d491-8dff-40d5-97a0-ee7d9141e4b4, Login attempt for username: RDK006"
"2026-02-10T09:18:14.805680Z","0866abf1","INFO","UserManagementService.userLogin","[Login] Request ID: 4e15d491-8dff-40d5-97a0-ee7d9141e4b4, Login attempt for userManagement: RDK006, Performed by: UNKNOWN"
"2026-02-10T09:18:14.805680Z","7ae5e3c3","INFO","UserManagementService.userLogin","[Login] Request ID: 4e15d491-8dff-40d5-97a0-ee7d9141e4b4, Checking if userManagement exists: RDK006"
"2026-02-10T09:18:14.821274100Z","e842b26b","INFO","UserManagementService.userLogin","[Login] Request ID: 4e15d491-8dff-40d5-97a0-ee7d9141e4b4, User found: RDK006, DefaultPwd: false, Active: true"
"2026-02-10T09:18:14.821274100Z","d16f51d6","INFO","UserManagementService.userLogin","[Login] Request ID: 4e15d491-8dff-40d5-97a0-ee7d9141e4b4, Verifying password for userManagement: RDK006"
"2026-02-10T09:18:14.919432400Z","19ee2dd5","INFO","UserManagementService.userLogin","[Login] Request ID: 4e15d491-8dff-40d5-97a0-ee7d9141e4b4, Reset failed attempts for userManagement: RDK006"
"2026-02-10T09:18:14.927504100Z","369956f2","INFO","UserManagementService.userLogin","[Login] Request ID: 4e15d491-8dff-40d5-97a0-ee7d9141e4b4, Successful login for userManagement: RDK006"
"2026-02-10T09:18:14.927504100Z","60060d31","INFO","UserManagementService.userLogin","[Login] Request ID: 4e15d491-8dff-40d5-97a0-ee7d9141e4b4, Final response for userManagement: RDK006, code: 200"
"2026-02-10T09:18:14.937035100Z","9f9fa9ee","INFO","UserManagementController.loginUser","Request ID: 4e15d491-8dff-40d5-97a0-ee7d9141e4b4, Login response: {""data"":{""role"":""oracle"",""is_active"":true,""user_id"":""RDK006"",""last_login"":""2026-02-10T09:03:28.538017"",""staff_id"":""USG00060"",""phone_number"":""+233555442117"",""is_default_password"":false,""email"":""koteidjanerapheal@gmail.com"",""username"":""USG00060"",""token"":""eyJhbGciOiJIUzUxMiJ9.eyJzdWIiOiJSREswMDYiLCJpYXQiOjE3NzA3MTUwOTQsImV4cCI6MTc3MDgwMTQ5NH0.gkSobq0Zb-BdiHzVHVpgQj5aYSvSCdLL0X0cqgFVbnHHbfxCYQD5VV77eUCp8TOoPXIV5gHMF9xhRLyjc5wpDg""},""user_id"":""RDK006"",""message"":""Login successful"",""responseCode"":200}"
"2026-02-10T09:18:14.968100500Z","bb42eb17","INFO","SMSRequestHelper.submitMessageToInfoBib","Submitting message to Infobip: Dear Dr. Rapheal Djane Kotei, your OTP for the API Automation login is: 824810. It expires in 5 minutes."
"2026-02-10T09:18:16.105218800Z","8ac7a453","INFO","SMSRequestHelper.submitMessageToInfoBib","Submitting message to Infobip: Hi USG00060, your login to the API Automation was successful on Tuesday, February 10, 2026 at 09:18:16 AM. If this wasn't you, contact support."
"2026-02-10T09:19:05.319027200Z","ee22de78","INFO","ApiKeyNSecretInterceptor.preHandle","Incoming Request: x-api-key=sTr@****ry$!, x-api-secret=iCeC****@M&!"
"2026-02-10T09:19:05.324032400Z","fa518728","INFO","ApiKeyNSecretHelper.validateApiCredentials","[API Validation] ✅ API key & secret validated successfully | apiKey=sTr@wBerry$!"
"2026-02-10T09:19:05.329128200Z","aadf356f","INFO","ClientIpHelper.validateAPIClientIp","[API Client IP Validation] ✅ Client IP validated successfully | apiKey=sTr@wBerry$! | IP=192.168.1.124"
"2026-02-10T09:19:05.330112300Z","35502994","INFO","UserManagementController.loginUser","Request ID: a97577ff-4ba8-497e-9248-554080bfe24c, Login attempt for username: RDK006"
"2026-02-10T09:19:05.336046800Z","683b2b5c","INFO","UserManagementService.userLogin","[Login] Request ID: a97577ff-4ba8-497e-9248-554080bfe24c, Login attempt for userManagement: RDK006, Performed by: UNKNOWN"
"2026-02-10T09:19:05.338029Z","3b0b1f79","INFO","UserManagementService.userLogin","[Login] Request ID: a97577ff-4ba8-497e-9248-554080bfe24c, Checking if userManagement exists: RDK006"
"2026-02-10T09:19:05.343029900Z","b566b46e","INFO","UserManagementService.userLogin","[Login] Request ID: a97577ff-4ba8-497e-9248-554080bfe24c, User found: RDK006, DefaultPwd: false, Active: true"
"2026-02-10T09:19:05.349354500Z","15acf885","INFO","UserManagementService.userLogin","[Login] Request ID: a97577ff-4ba8-497e-9248-554080bfe24c, Verifying password for userManagement: RDK006"
"2026-02-10T09:19:05.465814400Z","ea5ee6f1","INFO","UserManagementService.userLogin","[Login] Request ID: a97577ff-4ba8-497e-9248-554080bfe24c, Reset failed attempts for userManagement: RDK006"
"2026-02-10T09:19:05.467410500Z","7dbcd727","INFO","UserManagementService.userLogin","[Login] Request ID: a97577ff-4ba8-497e-9248-554080bfe24c, Successful login for userManagement: RDK006"
"2026-02-10T09:19:05.467410500Z","028a7a72","INFO","UserManagementService.userLogin","[Login] Request ID: a97577ff-4ba8-497e-9248-554080bfe24c, Final response for userManagement: RDK006, code: 200"
"2026-02-10T09:19:05.467410500Z","1b670cf1","INFO","UserManagementController.loginUser","Request ID: a97577ff-4ba8-497e-9248-554080bfe24c, Login response: {""data"":{""role"":""oracle"",""is_active"":true,""user_id"":""RDK006"",""last_login"":""2026-02-10T09:18:16.105219"",""staff_id"":""USG00060"",""phone_number"":""+233555442117"",""is_default_password"":false,""email"":""koteidjanerapheal@gmail.com"",""username"":""USG00060"",""token"":""eyJhbGciOiJIUzUxMiJ9.eyJzdWIiOiJSREswMDYiLCJpYXQiOjE3NzA3MTUxNDUsImV4cCI6MTc3MDgwMTU0NX0.7iOzdSvgkASrigx4ohYFSrFYoVDscUa_MVi1YXToeABvUWBC2HobDDElJHIedlcR68y1F_kmGJHfCJTjgciW2Q""},""user_id"":""RDK006"",""message"":""Login successful"",""responseCode"":200}"
"2026-02-10T09:19:05.517814Z","09464a24","INFO","SMSRequestHelper.submitMessageToInfoBib","Submitting message to Infobip: Dear Dr. Rapheal Djane Kotei, your OTP for the API Automation login is: 350005. It expires in 5 minutes."
"2026-02-10T09:19:06.826191800Z","662e3ac1","INFO","SMSRequestHelper.submitMessageToInfoBib","Submitting message to Infobip: Hi USG00060, your login to the API Automation was successful on Tuesday, February 10, 2026 at 09:19:06 AM. If this wasn't you, contact support."
"2026-02-10T09:40:09.475216900Z","1d06d71c","INFO","ApiKeyNSecretInterceptor.preHandle","Incoming Request: x-api-key=sTr@****ry$!, x-api-secret=iCeC****@M&!"
"2026-02-10T09:40:09.486898500Z","2bbf30c7","INFO","ApiKeyNSecretHelper.validateApiCredentials","[API Validation] ✅ API key & secret validated successfully | apiKey=sTr@wBerry$!"
"2026-02-10T09:40:09.486898500Z","82931505","INFO","ClientIpHelper.validateAPIClientIp","[API Client IP Validation] ✅ Client IP validated successfully | apiKey=sTr@wBerry$! | IP=192.168.1.124"
"2026-02-10T09:40:09.486898500Z","0fa02237","INFO","UserManagementController.loginUser","Request ID: ddf0af48-ff25-4b8c-8ed2-b512a8ad2cfa, Login attempt for username: RDK006"
"2026-02-10T09:40:09.503725500Z","1c5c3753","INFO","UserManagementService.userLogin","[Login] Request ID: ddf0af48-ff25-4b8c-8ed2-b512a8ad2cfa, Login attempt for userManagement: RDK006, Performed by: UNKNOWN"
"2026-02-10T09:40:09.506479400Z","ad9ed91d","INFO","UserManagementService.userLogin","[Login] Request ID: ddf0af48-ff25-4b8c-8ed2-b512a8ad2cfa, Checking if userManagement exists: RDK006"
"2026-02-10T09:40:09.506479400Z","014a89c6","INFO","UserManagementService.userLogin","[Login] Request ID: ddf0af48-ff25-4b8c-8ed2-b512a8ad2cfa, User found: RDK006, DefaultPwd: false, Active: true"
"2026-02-10T09:40:09.519956Z","a3841df6","INFO","UserManagementService.userLogin","[Login] Request ID: ddf0af48-ff25-4b8c-8ed2-b512a8ad2cfa, Verifying password for userManagement: RDK006"
"2026-02-10T09:40:09.619522400Z","4fdb5cf3","INFO","UserManagementService.userLogin","[Login] Request ID: ddf0af48-ff25-4b8c-8ed2-b512a8ad2cfa, Reset failed attempts for userManagement: RDK006"
"2026-02-10T09:40:09.635712700Z","c6dbb829","INFO","UserManagementService.userLogin","[Login] Request ID: ddf0af48-ff25-4b8c-8ed2-b512a8ad2cfa, Successful login for userManagement: RDK006"
"2026-02-10T09:40:09.635712700Z","b93f63b6","INFO","UserManagementService.userLogin","[Login] Request ID: ddf0af48-ff25-4b8c-8ed2-b512a8ad2cfa, Final response for userManagement: RDK006, code: 200"
"2026-02-10T09:40:09.635712700Z","de311ab1","INFO","UserManagementController.loginUser","Request ID: ddf0af48-ff25-4b8c-8ed2-b512a8ad2cfa, Login response: {""data"":{""role"":""oracle"",""is_active"":true,""user_id"":""RDK006"",""last_login"":""2026-02-10T09:19:06.824891"",""staff_id"":""USG00060"",""phone_number"":""+233555442117"",""is_default_password"":false,""email"":""koteidjanerapheal@gmail.com"",""username"":""USG00060"",""token"":""eyJhbGciOiJIUzUxMiJ9.eyJzdWIiOiJSREswMDYiLCJpYXQiOjE3NzA3MTY0MDksImV4cCI6MTc3MDgwMjgwOX0.U_A6JNMmOLnAt3t8A_MrhP930Ow3vkvu69CISWanqSfCDiNKlXlqyFiERqM1LM0JIUL_NbNE8GNcgfeiIQLefw""},""user_id"":""RDK006"",""message"":""Login successful"",""responseCode"":200}"
"2026-02-10T09:40:09.684582700Z","36fc3d00","INFO","SMSRequestHelper.submitMessageToInfoBib","Submitting message to Infobip: Dear Dr. Rapheal Djane Kotei, your OTP for the API Automation login is: 613869. It expires in 5 minutes."
"2026-02-10T09:40:10.973562800Z","b5381659","INFO","SMSRequestHelper.submitMessageToInfoBib","Submitting message to Infobip: Hi USG00060, your login to the API Automation was successful on Tuesday, February 10, 2026 at 09:40:10 AM. If this wasn't you, contact support."
"2026-02-10T09:41:52.238838700Z","e820d24d","INFO","ApiKeyNSecretInterceptor.preHandle","Incoming Request: x-api-key=sTr@****ry$!, x-api-secret=iCeC****@M&!"
"2026-02-10T09:41:52.238838700Z","98b9c753","INFO","ApiKeyNSecretHelper.validateApiCredentials","[API Validation] ✅ API key & secret validated successfully | apiKey=sTr@wBerry$!"
"2026-02-10T09:41:52.248508500Z","49fcce28","INFO","ClientIpHelper.validateAPIClientIp","[API Client IP Validation] ✅ Client IP validated successfully | apiKey=sTr@wBerry$! | IP=192.168.1.124"
"2026-02-10T09:41:52.248508500Z","8fa1f561","INFO","UserManagementController.loginUser","Request ID: f22cb56c-48ab-4398-98be-971079aae7c1, Login attempt for username: RDK006"
"2026-02-10T09:41:52.256478800Z","2cd332d1","INFO","UserManagementService.userLogin","[Login] Request ID: f22cb56c-48ab-4398-98be-971079aae7c1, Login attempt for userManagement: RDK006, Performed by: UNKNOWN"
"2026-02-10T09:41:52.256478800Z","186cbc9d","INFO","UserManagementService.userLogin","[Login] Request ID: f22cb56c-48ab-4398-98be-971079aae7c1, Checking if userManagement exists: RDK006"
"2026-02-10T09:41:52.265024400Z","74db0e20","INFO","UserManagementService.userLogin","[Login] Request ID: f22cb56c-48ab-4398-98be-971079aae7c1, User found: RDK006, DefaultPwd: false, Active: true"
"2026-02-10T09:41:52.265024400Z","d3a00fb6","INFO","UserManagementService.userLogin","[Login] Request ID: f22cb56c-48ab-4398-98be-971079aae7c1, Verifying password for userManagement: RDK006"
"2026-02-10T09:41:52.430292300Z","de7b0704","INFO","UserManagementService.userLogin","[Login] Request ID: f22cb56c-48ab-4398-98be-971079aae7c1, Reset failed attempts for userManagement: RDK006"
"2026-02-10T09:41:52.435173500Z","6056ab07","INFO","UserManagementService.userLogin","[Login] Request ID: f22cb56c-48ab-4398-98be-971079aae7c1, Successful login for userManagement: RDK006"
"2026-02-10T09:41:52.445489600Z","017a351a","INFO","UserManagementService.userLogin","[Login] Request ID: f22cb56c-48ab-4398-98be-971079aae7c1, Final response for userManagement: RDK006, code: 200"
"2026-02-10T09:41:52.462051600Z","8230c28e","INFO","UserManagementController.loginUser","Request ID: f22cb56c-48ab-4398-98be-971079aae7c1, Login response: {""data"":{""role"":""oracle"",""is_active"":true,""user_id"":""RDK006"",""last_login"":""2026-02-10T09:40:10.967173"",""staff_id"":""USG00060"",""phone_number"":""+233555442117"",""is_default_password"":false,""email"":""koteidjanerapheal@gmail.com"",""username"":""USG00060"",""token"":""eyJhbGciOiJIUzUxMiJ9.eyJzdWIiOiJSREswMDYiLCJpYXQiOjE3NzA3MTY1MTIsImV4cCI6MTc3MDgwMjkxMn0.Whl6CCsUdOl3PfNVBg1bF9Fv5uadPGET5UtTtCIxW6q5GHkMsYr1JHoDcOa4RUXUCq6tMdAY3Sz-l4UIP1CZaA""},""user_id"":""RDK006"",""message"":""Login successful"",""responseCode"":200}"
"2026-02-10T09:41:52.483232200Z","785799a7","INFO","SMSRequestHelper.submitMessageToInfoBib","Submitting message to Infobip: Dear Dr. Rapheal Djane Kotei, your OTP for the API Automation login is: 670994. It expires in 5 minutes."
"2026-02-10T09:41:53.631973700Z","290eb054","INFO","SMSRequestHelper.submitMessageToInfoBib","Submitting message to Infobip: Hi USG00060, your login to the API Automation was successful on Tuesday, February 10, 2026 at 09:41:53 AM. If this wasn't you, contact support."
"2026-02-10T09:44:28.475201600Z","17ea26e4","INFO","ApiKeyNSecretInterceptor.preHandle","Incoming Request: x-api-key=sTr@****ry$!, x-api-secret=iCeC****@M&!"
"2026-02-10T09:44:28.476104800Z","3af3a119","INFO","ApiKeyNSecretHelper.validateApiCredentials","[API Validation] ✅ API key & secret validated successfully | apiKey=sTr@wBerry$!"
"2026-02-10T09:44:28.476104800Z","0759f9c3","INFO","ClientIpHelper.validateAPIClientIp","[API Client IP Validation] ✅ Client IP validated successfully | apiKey=sTr@wBerry$! | IP=192.168.1.124"
"2026-02-10T09:44:28.476104800Z","137ee9b6","INFO","UserManagementController.loginUser","Request ID: ad294ed2-492e-49cb-9017-cb76e3f21052, Login attempt for username: RDK006"
"2026-02-10T09:44:28.490556400Z","99b833ba","INFO","UserManagementService.userLogin","[Login] Request ID: ad294ed2-492e-49cb-9017-cb76e3f21052, Login attempt for userManagement: RDK006, Performed by: UNKNOWN"
"2026-02-10T09:44:28.495710900Z","a5524fe9","INFO","UserManagementService.userLogin","[Login] Request ID: ad294ed2-492e-49cb-9017-cb76e3f21052, Checking if userManagement exists: RDK006"
"2026-02-10T09:44:28.500309900Z","c8d26270","INFO","UserManagementService.userLogin","[Login] Request ID: ad294ed2-492e-49cb-9017-cb76e3f21052, User found: RDK006, DefaultPwd: false, Active: true"
"2026-02-10T09:44:28.506505800Z","1c69b359","INFO","UserManagementService.userLogin","[Login] Request ID: ad294ed2-492e-49cb-9017-cb76e3f21052, Verifying password for userManagement: RDK006"
"2026-02-10T09:44:28.655333500Z","e9d73137","INFO","UserManagementService.userLogin","[Login] Request ID: ad294ed2-492e-49cb-9017-cb76e3f21052, Reset failed attempts for userManagement: RDK006"
"2026-02-10T09:44:28.655333500Z","5335ca4e","INFO","UserManagementService.userLogin","[Login] Request ID: ad294ed2-492e-49cb-9017-cb76e3f21052, Successful login for userManagement: RDK006"
"2026-02-10T09:44:28.664657300Z","0a7f187a","INFO","UserManagementService.userLogin","[Login] Request ID: ad294ed2-492e-49cb-9017-cb76e3f21052, Final response for userManagement: RDK006, code: 200"
"2026-02-10T09:44:28.670284400Z","c24a33ca","INFO","UserManagementController.loginUser","Request ID: ad294ed2-492e-49cb-9017-cb76e3f21052, Login response: {""data"":{""role"":""oracle"",""is_active"":true,""user_id"":""RDK006"",""last_login"":""2026-02-10T09:41:53.62917"",""staff_id"":""USG00060"",""phone_number"":""+233555442117"",""is_default_password"":false,""email"":""koteidjanerapheal@gmail.com"",""username"":""USG00060"",""token"":""eyJhbGciOiJIUzUxMiJ9.eyJzdWIiOiJSREswMDYiLCJpYXQiOjE3NzA3MTY2NjgsImV4cCI6MTc3MDgwMzA2OH0.EKEU0INKITitPscisrHKAjvMtrvYjk9PHGLXKdJ2Fx3PrZnO0SDfTUpGBS2r0pd3JAxxeC70tFdeXjNFdZzwjw""},""user_id"":""RDK006"",""message"":""Login successful"",""responseCode"":200}"
"2026-02-10T09:44:28.696105700Z","58c7242d","INFO","SMSRequestHelper.submitMessageToInfoBib","Submitting message to Infobip: Dear Dr. Rapheal Djane Kotei, your OTP for the API Automation login is: 710183. It expires in 5 minutes."
"2026-02-10T09:44:29.856836800Z","6088e397","INFO","SMSRequestHelper.submitMessageToInfoBib","Submitting message to Infobip: Hi USG00060, your login to the API Automation was successful on Tuesday, February 10, 2026 at 09:44:29 AM. If this wasn't you, contact support."
"2026-02-10T09:51:59.285298900Z","cc1ed977","INFO","ApiKeyNSecretInterceptor.preHandle","Incoming Request: x-api-key=sTr@****ry$!, x-api-secret=iCeC****@M&!"
"2026-02-10T09:51:59.290383200Z","146d6c28","INFO","ApiKeyNSecretHelper.validateApiCredentials","[API Validation] ✅ API key & secret validated successfully | apiKey=sTr@wBerry$!"
"2026-02-10T09:51:59.300863500Z","f576014f","INFO","ClientIpHelper.validateAPIClientIp","[API Client IP Validation] ✅ Client IP validated successfully | apiKey=sTr@wBerry$! | IP=192.168.1.124"
"2026-02-10T09:51:59.300863500Z","fd673b6a","INFO","UserManagementController.loginUser","Request ID: cee8bf0f-69d7-4630-bde2-c6fdf15f4d9f, Login attempt for username: RDK006"
"2026-02-10T09:51:59.310276100Z","100423af","INFO","UserManagementService.userLogin","[Login] Request ID: cee8bf0f-69d7-4630-bde2-c6fdf15f4d9f, Login attempt for userManagement: RDK006, Performed by: UNKNOWN"
"2026-02-10T09:51:59.316791Z","109087af","INFO","UserManagementService.userLogin","[Login] Request ID: cee8bf0f-69d7-4630-bde2-c6fdf15f4d9f, Checking if userManagement exists: RDK006"
"2026-02-10T09:51:59.324435400Z","13e18540","INFO","UserManagementService.userLogin","[Login] Request ID: cee8bf0f-69d7-4630-bde2-c6fdf15f4d9f, User found: RDK006, DefaultPwd: false, Active: true"
"2026-02-10T09:51:59.332389600Z","5ba1366e","INFO","UserManagementService.userLogin","[Login] Request ID: cee8bf0f-69d7-4630-bde2-c6fdf15f4d9f, Verifying password for userManagement: RDK006"
"2026-02-10T09:51:59.533507700Z","988aec51","INFO","UserManagementService.userLogin","[Login] Request ID: cee8bf0f-69d7-4630-bde2-c6fdf15f4d9f, Reset failed attempts for userManagement: RDK006"
"2026-02-10T09:51:59.546644800Z","9e7acb6a","INFO","UserManagementService.userLogin","[Login] Request ID: cee8bf0f-69d7-4630-bde2-c6fdf15f4d9f, Successful login for userManagement: RDK006"
"2026-02-10T09:51:59.550862900Z","09765b4e","INFO","UserManagementService.userLogin","[Login] Request ID: cee8bf0f-69d7-4630-bde2-c6fdf15f4d9f, Final response for userManagement: RDK006, code: 200"
"2026-02-10T09:51:59.550862900Z","61ac9aa2","INFO","UserManagementController.loginUser","Request ID: cee8bf0f-69d7-4630-bde2-c6fdf15f4d9f, Login response: {""data"":{""role"":""oracle"",""is_active"":true,""user_id"":""RDK006"",""last_login"":""2026-02-10T09:44:29.856837"",""staff_id"":""USG00060"",""phone_number"":""+233555442117"",""is_default_password"":false,""email"":""koteidjanerapheal@gmail.com"",""username"":""USG00060"",""token"":""eyJhbGciOiJIUzUxMiJ9.eyJzdWIiOiJSREswMDYiLCJpYXQiOjE3NzA3MTcxMTksImV4cCI6MTc3MDgwMzUxOX0.RQKU3A3MvXUuihG9NrKkvOJrhs_o4Io2sCQJHL5vVB2NaUm8fy2XSkGeBwPMQ7LV0I8dNgNryoC-tIVqr4EkZQ""},""user_id"":""RDK006"",""message"":""Login successful"",""responseCode"":200}"
"2026-02-10T09:51:59.590470700Z","11e1df4a","INFO","SMSRequestHelper.submitMessageToInfoBib","Submitting message to Infobip: Dear Dr. Rapheal Djane Kotei, your OTP for the API Automation login is: 805320. It expires in 5 minutes."
"2026-02-10T09:52:00.783857800Z","5275be5a","INFO","SMSRequestHelper.submitMessageToInfoBib","Submitting message to Infobip: Hi USG00060, your login to the API Automation was successful on Tuesday, February 10, 2026 at 09:52:00 AM. If this wasn't you, contact support."
"2026-02-10T10:29:54.252863700Z","e585a815","INFO","ApiKeyNSecretInterceptor.preHandle","Incoming Request: x-api-key=sTr@****ry$!, x-api-secret=iCeC****@M&!"
"2026-02-10T10:29:54.260936900Z","56de582c","INFO","ApiKeyNSecretHelper.validateApiCredentials","[API Validation] ✅ API key & secret validated successfully | apiKey=sTr@wBerry$!"
"2026-02-10T10:29:54.265874800Z","99adb469","INFO","ClientIpHelper.validateAPIClientIp","[API Client IP Validation] ✅ Client IP validated successfully | apiKey=sTr@wBerry$! | IP=192.168.1.124"
"2026-02-10T10:29:54.267864200Z","5c187a51","INFO","UserManagementController.loginUser","Request ID: 16818331-0e2e-40c1-8f21-d754ceaafae5, Login attempt for username: RDK006"
"2026-02-10T10:29:54.279167200Z","397b85e6","INFO","UserManagementService.userLogin","[Login] Request ID: 16818331-0e2e-40c1-8f21-d754ceaafae5, Login attempt for userManagement: RDK006, Performed by: UNKNOWN"
"2026-02-10T10:29:54.283164800Z","19f0d5e7","INFO","UserManagementService.userLogin","[Login] Request ID: 16818331-0e2e-40c1-8f21-d754ceaafae5, Checking if userManagement exists: RDK006"
"2026-02-10T10:29:54.288695Z","7bb91329","INFO","UserManagementService.userLogin","[Login] Request ID: 16818331-0e2e-40c1-8f21-d754ceaafae5, User found: RDK006, DefaultPwd: false, Active: true"
"2026-02-10T10:29:54.301037100Z","1be0198e","INFO","UserManagementService.userLogin","[Login] Request ID: 16818331-0e2e-40c1-8f21-d754ceaafae5, Verifying password for userManagement: RDK006"
"2026-02-10T10:29:54.449961100Z","5d614563","INFO","UserManagementService.userLogin","[Login] Request ID: 16818331-0e2e-40c1-8f21-d754ceaafae5, Reset failed attempts for userManagement: RDK006"
"2026-02-10T10:29:54.464513200Z","4dbc1860","INFO","UserManagementService.userLogin","[Login] Request ID: 16818331-0e2e-40c1-8f21-d754ceaafae5, Successful login for userManagement: RDK006"
"2026-02-10T10:29:54.465163800Z","114d9301","INFO","UserManagementService.userLogin","[Login] Request ID: 16818331-0e2e-40c1-8f21-d754ceaafae5, Final response for userManagement: RDK006, code: 200"
"2026-02-10T10:29:54.472778700Z","b194f9c9","INFO","UserManagementController.loginUser","Request ID: 16818331-0e2e-40c1-8f21-d754ceaafae5, Login response: {""data"":{""role"":""oracle"",""is_active"":true,""user_id"":""RDK006"",""last_login"":""2026-02-10T09:52:00.790941"",""staff_id"":""USG00060"",""phone_number"":""+233555442117"",""is_default_password"":false,""email"":""koteidjanerapheal@gmail.com"",""username"":""USG00060"",""token"":""eyJhbGciOiJIUzUxMiJ9.eyJzdWIiOiJSREswMDYiLCJpYXQiOjE3NzA3MTkzOTQsImV4cCI6MTc3MDgwNTc5NH0.QFX7mDvIGGCwDyw67KYxSwXgbz-Hfr5OYnRi8Y1naP2hG848VgzS7Cr8MPmxuqDRz1PZ8Jz3HyC3CeoJBeoEAA""},""user_id"":""RDK006"",""message"":""Login successful"",""responseCode"":200}"
"2026-02-10T10:29:54.505811400Z","c33d6366","INFO","SMSRequestHelper.submitMessageToInfoBib","Submitting message to Infobip: Dear Dr. Rapheal Djane Kotei, your OTP for the API Automation login is: 798546. It expires in 5 minutes."
"2026-02-10T10:29:55.746710100Z","c1a1f3ae","INFO","SMSRequestHelper.submitMessageToInfoBib","Submitting message to Infobip: Hi USG00060, your login to the API Automation was successful on Tuesday, February 10, 2026 at 10:29:55 AM. If this wasn't you, contact support."
"2026-02-10T10:30:27.815317400Z","6ac1f9ab","INFO","ApiKeyNSecretInterceptor.preHandle","Incoming Request: x-api-key=sTr@****ry$!, x-api-secret=iCeC****@M&!"
"2026-02-10T10:30:27.818285400Z","84fa3aa6","INFO","ApiKeyNSecretHelper.validateApiCredentials","[API Validation] ✅ API key & secret validated successfully | apiKey=sTr@wBerry$!"
"2026-02-10T10:30:27.818285400Z","a7af84c1","INFO","ClientIpHelper.validateAPIClientIp","[API Client IP Validation] ✅ Client IP validated successfully | apiKey=sTr@wBerry$! | IP=192.168.1.124"
"2026-02-10T10:30:27.818285400Z","bf0bd118","INFO","UserManagementController.loginUser","Request ID: 933bb952-9c9d-44a4-9be6-e747f94f4c4b, Login attempt for username: RDK006"
"2026-02-10T10:30:27.830452100Z","d77569f2","INFO","UserManagementService.userLogin","[Login] Request ID: 933bb952-9c9d-44a4-9be6-e747f94f4c4b, Login attempt for userManagement: RDK006, Performed by: UNKNOWN"
"2026-02-10T10:30:27.830452100Z","b2da73f0","INFO","UserManagementService.userLogin","[Login] Request ID: 933bb952-9c9d-44a4-9be6-e747f94f4c4b, Checking if userManagement exists: RDK006"
"2026-02-10T10:30:27.830452100Z","160b2e84","INFO","UserManagementService.userLogin","[Login] Request ID: 933bb952-9c9d-44a4-9be6-e747f94f4c4b, User found: RDK006, DefaultPwd: false, Active: true"
"2026-02-10T10:30:27.846204100Z","ebe55ed3","INFO","UserManagementService.userLogin","[Login] Request ID: 933bb952-9c9d-44a4-9be6-e747f94f4c4b, Verifying password for userManagement: RDK006"
"2026-02-10T10:30:27.983683200Z","be356d95","INFO","UserManagementService.userLogin","[Login] Request ID: 933bb952-9c9d-44a4-9be6-e747f94f4c4b, Reset failed attempts for userManagement: RDK006"
"2026-02-10T10:30:27.989683100Z","23dc9dfc","INFO","UserManagementService.userLogin","[Login] Request ID: 933bb952-9c9d-44a4-9be6-e747f94f4c4b, Successful login for userManagement: RDK006"
"2026-02-10T10:30:27.995053600Z","4758ab6e","INFO","UserManagementService.userLogin","[Login] Request ID: 933bb952-9c9d-44a4-9be6-e747f94f4c4b, Final response for userManagement: RDK006, code: 200"
"2026-02-10T10:30:28.002239600Z","f0e9972e","INFO","UserManagementController.loginUser","Request ID: 933bb952-9c9d-44a4-9be6-e747f94f4c4b, Login response: {""data"":{""role"":""oracle"",""is_active"":true,""user_id"":""RDK006"",""last_login"":""2026-02-10T10:29:55.732988"",""staff_id"":""USG00060"",""phone_number"":""+233555442117"",""is_default_password"":false,""email"":""koteidjanerapheal@gmail.com"",""username"":""USG00060"",""token"":""eyJhbGciOiJIUzUxMiJ9.eyJzdWIiOiJSREswMDYiLCJpYXQiOjE3NzA3MTk0MjcsImV4cCI6MTc3MDgwNTgyN30.IkpugvHLiITUcOeJrp6F7Snuwfm8BdBsbZKjd3vo4uIWtrz3JnZRbDJhCuzl9ymm7LyKxUHtg_C0TVU4Ub74kg""},""user_id"":""RDK006"",""message"":""Login successful"",""responseCode"":200}"
"2026-02-10T10:30:28.029379800Z","39d85ded","INFO","SMSRequestHelper.submitMessageToInfoBib","Submitting message to Infobip: Dear Dr. Rapheal Djane Kotei, your OTP for the API Automation login is: 875548. It expires in 5 minutes."
"2026-02-10T10:30:29.476195700Z","812e64e3","INFO","SMSRequestHelper.submitMessageToInfoBib","Submitting message to Infobip: Hi USG00060, your login to the API Automation was successful on Tuesday, February 10, 2026 at 10:30:29 AM. If this wasn't you, contact support."
"2026-02-10T10:32:01.030591400Z","9b11dd26","INFO","ApiKeyNSecretInterceptor.preHandle","Incoming Request: x-api-key=sTr@****ry$!, x-api-secret=iCeC****@M&!"
"2026-02-10T10:32:01.035131100Z","bac020fb","INFO","ApiKeyNSecretHelper.validateApiCredentials","[API Validation] ✅ API key & secret validated successfully | apiKey=sTr@wBerry$!"
"2026-02-10T10:32:01.037133100Z","382e2f95","INFO","ClientIpHelper.validateAPIClientIp","[API Client IP Validation] ✅ Client IP validated successfully | apiKey=sTr@wBerry$! | IP=192.168.1.124"
"2026-02-10T10:32:01.041171500Z","9ed54126","INFO","UserManagementController.loginUser","Request ID: e88ebefa-ccfe-4b21-8287-a436472c35eb, Login attempt for username: RDK006"
"2026-02-10T10:32:01.042000100Z","3d2ec1aa","INFO","UserManagementService.userLogin","[Login] Request ID: e88ebefa-ccfe-4b21-8287-a436472c35eb, Login attempt for userManagement: RDK006, Performed by: UNKNOWN"
"2026-02-10T10:32:01.042000100Z","c33b7467","INFO","UserManagementService.userLogin","[Login] Request ID: e88ebefa-ccfe-4b21-8287-a436472c35eb, Checking if userManagement exists: RDK006"
"2026-02-10T10:32:01.042000100Z","2f1c8a69","INFO","UserManagementService.userLogin","[Login] Request ID: e88ebefa-ccfe-4b21-8287-a436472c35eb, User found: RDK006, DefaultPwd: false, Active: true"
"2026-02-10T10:32:01.058846400Z","bc5eff09","INFO","UserManagementService.userLogin","[Login] Request ID: e88ebefa-ccfe-4b21-8287-a436472c35eb, Verifying password for userManagement: RDK006"
"2026-02-10T10:32:01.174528900Z","4b713068","INFO","UserManagementService.userLogin","[Login] Request ID: e88ebefa-ccfe-4b21-8287-a436472c35eb, Reset failed attempts for userManagement: RDK006"
"2026-02-10T10:32:01.190616600Z","21191994","INFO","UserManagementService.userLogin","[Login] Request ID: e88ebefa-ccfe-4b21-8287-a436472c35eb, Successful login for userManagement: RDK006"
"2026-02-10T10:32:01.191079900Z","e02a8754","INFO","UserManagementService.userLogin","[Login] Request ID: e88ebefa-ccfe-4b21-8287-a436472c35eb, Final response for userManagement: RDK006, code: 200"
"2026-02-10T10:32:01.191079900Z","3adad936","INFO","UserManagementController.loginUser","Request ID: e88ebefa-ccfe-4b21-8287-a436472c35eb, Login response: {""data"":{""role"":""oracle"",""is_active"":true,""user_id"":""RDK006"",""last_login"":""2026-02-10T10:30:29.475199"",""staff_id"":""USG00060"",""phone_number"":""+233555442117"",""is_default_password"":false,""email"":""koteidjanerapheal@gmail.com"",""username"":""USG00060"",""token"":""eyJhbGciOiJIUzUxMiJ9.eyJzdWIiOiJSREswMDYiLCJpYXQiOjE3NzA3MTk1MjEsImV4cCI6MTc3MDgwNTkyMX0.3Q2LmNx1qDWvRPJz_pEe8TY_i9bT76SMe8N7yO8UiRyYakLW41m3cW76y_IVe2bzsXKTVFtELO48NTgu01ljAA""},""user_id"":""RDK006"",""message"":""Login successful"",""responseCode"":200}"
"2026-02-10T10:32:01.210845Z","46cdd4fe","INFO","SMSRequestHelper.submitMessageToInfoBib","Submitting message to Infobip: Dear Dr. Rapheal Djane Kotei, your OTP for the API Automation login is: 488720. It expires in 5 minutes."
"2026-02-10T10:32:02.673517100Z","31068e85","INFO","SMSRequestHelper.submitMessageToInfoBib","Submitting message to Infobip: Hi USG00060, your login to the API Automation was successful on Tuesday, February 10, 2026 at 10:32:02 AM. If this wasn't you, contact support."
"2026-02-10T10:35:11.315287700Z","03f726fd","INFO","ApiKeyNSecretInterceptor.preHandle","Incoming Request: x-api-key=sTr@****ry$!, x-api-secret=iCeC****@M&!"
"2026-02-10T10:35:11.329138400Z","ff65bd2a","INFO","ApiKeyNSecretHelper.validateApiCredentials","[API Validation] ✅ API key & secret validated successfully | apiKey=sTr@wBerry$!"
"2026-02-10T10:35:11.332955200Z","1d1d3292","INFO","ClientIpHelper.validateAPIClientIp","[API Client IP Validation] ✅ Client IP validated successfully | apiKey=sTr@wBerry$! | IP=192.168.1.124"
"2026-02-10T10:35:11.332955200Z","000fb9f5","INFO","UserManagementController.loginUser","Request ID: c5ab38b8-4980-4558-8e4c-e2c9c4f884b2, Login attempt for username: RDK006"
"2026-02-10T10:35:11.349664300Z","ebb00637","INFO","UserManagementService.userLogin","[Login] Request ID: c5ab38b8-4980-4558-8e4c-e2c9c4f884b2, Login attempt for userManagement: RDK006, Performed by: UNKNOWN"
"2026-02-10T10:35:11.360773800Z","d911264a","INFO","UserManagementService.userLogin","[Login] Request ID: c5ab38b8-4980-4558-8e4c-e2c9c4f884b2, Checking if userManagement exists: RDK006"
"2026-02-10T10:35:11.366709900Z","22ffecd9","INFO","UserManagementService.userLogin","[Login] Request ID: c5ab38b8-4980-4558-8e4c-e2c9c4f884b2, User found: RDK006, DefaultPwd: false, Active: true"
"2026-02-10T10:35:11.376892900Z","28663658","INFO","UserManagementService.userLogin","[Login] Request ID: c5ab38b8-4980-4558-8e4c-e2c9c4f884b2, Verifying password for userManagement: RDK006"
"2026-02-10T10:35:11.647181700Z","cca45cf4","INFO","UserManagementService.userLogin","[Login] Request ID: c5ab38b8-4980-4558-8e4c-e2c9c4f884b2, Reset failed attempts for userManagement: RDK006"
"2026-02-10T10:35:11.670805900Z","37daaff0","INFO","UserManagementService.userLogin","[Login] Request ID: c5ab38b8-4980-4558-8e4c-e2c9c4f884b2, Successful login for userManagement: RDK006"
"2026-02-10T10:35:11.676863800Z","c1fdbe31","INFO","UserManagementService.userLogin","[Login] Request ID: c5ab38b8-4980-4558-8e4c-e2c9c4f884b2, Final response for userManagement: RDK006, code: 200"
"2026-02-10T10:35:11.694269300Z","f992a134","INFO","UserManagementController.loginUser","Request ID: c5ab38b8-4980-4558-8e4c-e2c9c4f884b2, Login response: {""data"":{""role"":""oracle"",""is_active"":true,""user_id"":""RDK006"",""last_login"":""2026-02-10T10:32:02.660322"",""staff_id"":""USG00060"",""phone_number"":""+233555442117"",""is_default_password"":false,""email"":""koteidjanerapheal@gmail.com"",""username"":""USG00060"",""token"":""eyJhbGciOiJIUzUxMiJ9.eyJzdWIiOiJSREswMDYiLCJpYXQiOjE3NzA3MTk3MTEsImV4cCI6MTc3MDgwNjExMX0.nwvsIbvTRTgBZxeUdzo1s4ylitVwjOmiXfg6mz2toNoQobKQj-aJRBW-JaieUwhg71W2hPYaAJAGhH2QaBOCtw""},""user_id"":""RDK006"",""message"":""Login successful"",""responseCode"":200}"
"2026-02-10T10:35:11.742094100Z","932bb483","INFO","SMSRequestHelper.submitMessageToInfoBib","Submitting message to Infobip: Dear Dr. Rapheal Djane Kotei, your OTP for the API Automation login is: 971606. It expires in 5 minutes."
"2026-02-10T10:35:12.965172300Z","be7669b3","INFO","SMSRequestHelper.submitMessageToInfoBib","Submitting message to Infobip: Hi USG00060, your login to the API Automation was successful on Tuesday, February 10, 2026 at 10:35:12 AM. If this wasn't you, contact support."
"2026-02-10T10:36:39.623129400Z","60003f49","INFO","ApiKeyNSecretInterceptor.preHandle","Incoming Request: x-api-key=sTr@****ry$!, x-api-secret=iCeC****@M&!"
"2026-02-10T10:36:39.632236900Z","d310b211","INFO","ApiKeyNSecretHelper.validateApiCredentials","[API Validation] ✅ API key & secret validated successfully | apiKey=sTr@wBerry$!"
"2026-02-10T10:36:39.639774700Z","69513364","INFO","ClientIpHelper.validateAPIClientIp","[API Client IP Validation] ✅ Client IP validated successfully | apiKey=sTr@wBerry$! | IP=192.168.1.124"
"2026-02-10T10:36:39.643315300Z","c620a501","INFO","UserManagementController.loginUser","Request ID: 671ffdb6-86ca-4f62-b7e2-a75403257d8b, Login attempt for username: RDK006"
"2026-02-10T10:36:39.653418200Z","aedcab6d","INFO","UserManagementService.userLogin","[Login] Request ID: 671ffdb6-86ca-4f62-b7e2-a75403257d8b, Login attempt for userManagement: RDK006, Performed by: UNKNOWN"
"2026-02-10T10:36:39.659547900Z","10820a89","INFO","UserManagementService.userLogin","[Login] Request ID: 671ffdb6-86ca-4f62-b7e2-a75403257d8b, Checking if userManagement exists: RDK006"
"2026-02-10T10:36:39.669133Z","c533fc49","INFO","UserManagementService.userLogin","[Login] Request ID: 671ffdb6-86ca-4f62-b7e2-a75403257d8b, User found: RDK006, DefaultPwd: false, Active: true"
"2026-02-10T10:36:39.680461200Z","fdb8555d","INFO","UserManagementService.userLogin","[Login] Request ID: 671ffdb6-86ca-4f62-b7e2-a75403257d8b, Verifying password for userManagement: RDK006"
"2026-02-10T10:36:39.960561600Z","68e571b3","INFO","UserManagementService.userLogin","[Login] Request ID: 671ffdb6-86ca-4f62-b7e2-a75403257d8b, Reset failed attempts for userManagement: RDK006"
"2026-02-10T10:36:39.976363600Z","894e925e","INFO","UserManagementService.userLogin","[Login] Request ID: 671ffdb6-86ca-4f62-b7e2-a75403257d8b, Successful login for userManagement: RDK006"
"2026-02-10T10:36:39.976363600Z","a7c75e27","INFO","UserManagementService.userLogin","[Login] Request ID: 671ffdb6-86ca-4f62-b7e2-a75403257d8b, Final response for userManagement: RDK006, code: 200"
"2026-02-10T10:36:39.989459100Z","4598f4ee","INFO","UserManagementController.loginUser","Request ID: 671ffdb6-86ca-4f62-b7e2-a75403257d8b, Login response: {""data"":{""role"":""oracle"",""is_active"":true,""user_id"":""RDK006"",""last_login"":""2026-02-10T10:35:12.965172"",""staff_id"":""USG00060"",""phone_number"":""+233555442117"",""is_default_password"":false,""email"":""koteidjanerapheal@gmail.com"",""username"":""USG00060"",""token"":""eyJhbGciOiJIUzUxMiJ9.eyJzdWIiOiJSREswMDYiLCJpYXQiOjE3NzA3MTk3OTksImV4cCI6MTc3MDgwNjE5OX0.UEsX39kjySDnlWvFQX06ZSugjAbGCaqFFM1YIp88G0fb2ByLPnpc6vTBFRDVkPS0XBEDlau-McPhmPcwbeNn0w""},""user_id"":""RDK006"",""message"":""Login successful"",""responseCode"":200}"
"2026-02-10T10:36:40.031207100Z","94a2494c","INFO","SMSRequestHelper.submitMessageToInfoBib","Submitting message to Infobip: Dear Dr. Rapheal Djane Kotei, your OTP for the API Automation login is: 780429. It expires in 5 minutes."
"2026-02-10T10:36:41.360671600Z","d6c65f46","INFO","SMSRequestHelper.submitMessageToInfoBib","Submitting message to Infobip: Hi USG00060, your login to the API Automation was successful on Tuesday, February 10, 2026 at 10:36:41 AM. If this wasn't you, contact support."
"2026-02-10T10:37:35.449774200Z","a71c9296","INFO","ApiKeyNSecretInterceptor.preHandle","Incoming Request: x-api-key=sTr@****ry$!, x-api-secret=iCeC****@M&!"
"2026-02-10T10:37:35.464715Z","7561e69a","INFO","ApiKeyNSecretHelper.validateApiCredentials","[API Validation] ✅ API key & secret validated successfully | apiKey=sTr@wBerry$!"
"2026-02-10T10:37:35.470407400Z","1efad89d","INFO","ClientIpHelper.validateAPIClientIp","[API Client IP Validation] ✅ Client IP validated successfully | apiKey=sTr@wBerry$! | IP=192.168.1.124"
"2026-02-10T10:37:35.474305200Z","84ad08b3","INFO","UserManagementController.loginUser","Request ID: 8c7fc759-2c14-4cb1-8736-9007fd1232c7, Login attempt for username: RDK006"
"2026-02-10T10:37:35.486395500Z","a3e526a4","INFO","UserManagementService.userLogin","[Login] Request ID: 8c7fc759-2c14-4cb1-8736-9007fd1232c7, Login attempt for userManagement: RDK006, Performed by: UNKNOWN"
"2026-02-10T10:37:35.491625600Z","dce24176","INFO","UserManagementService.userLogin","[Login] Request ID: 8c7fc759-2c14-4cb1-8736-9007fd1232c7, Checking if userManagement exists: RDK006"
"2026-02-10T10:37:35.491625600Z","39518184","INFO","UserManagementService.userLogin","[Login] Request ID: 8c7fc759-2c14-4cb1-8736-9007fd1232c7, User found: RDK006, DefaultPwd: false, Active: true"
"2026-02-10T10:37:35.507055900Z","0c6bb173","INFO","UserManagementService.userLogin","[Login] Request ID: 8c7fc759-2c14-4cb1-8736-9007fd1232c7, Verifying password for userManagement: RDK006"
"2026-02-10T10:37:35.790407900Z","fe61a82e","INFO","UserManagementService.userLogin","[Login] Request ID: 8c7fc759-2c14-4cb1-8736-9007fd1232c7, Reset failed attempts for userManagement: RDK006"
"2026-02-10T10:37:35.801317900Z","bc3a9727","INFO","UserManagementService.userLogin","[Login] Request ID: 8c7fc759-2c14-4cb1-8736-9007fd1232c7, Successful login for userManagement: RDK006"
"2026-02-10T10:37:35.807618100Z","e1bc8c98","INFO","UserManagementService.userLogin","[Login] Request ID: 8c7fc759-2c14-4cb1-8736-9007fd1232c7, Final response for userManagement: RDK006, code: 200"
"2026-02-10T10:37:35.816473700Z","f80d6b16","INFO","UserManagementController.loginUser","Request ID: 8c7fc759-2c14-4cb1-8736-9007fd1232c7, Login response: {""data"":{""role"":""oracle"",""is_active"":true,""user_id"":""RDK006"",""last_login"":""2026-02-10T10:36:41.360672"",""staff_id"":""USG00060"",""phone_number"":""+233555442117"",""is_default_password"":false,""email"":""koteidjanerapheal@gmail.com"",""username"":""USG00060"",""token"":""eyJhbGciOiJIUzUxMiJ9.eyJzdWIiOiJSREswMDYiLCJpYXQiOjE3NzA3MTk4NTUsImV4cCI6MTc3MDgwNjI1NX0.VlGYND36J2CgEqjwm6PPpOiDn_vYixIVmsI1n1CH2W5MExMaUctOAcqqbk3LqBW8vYYZX-gVU8BiMhi9PnAuWA""},""user_id"":""RDK006"",""message"":""Login successful"",""responseCode"":200}"
"2026-02-10T10:37:35.856795400Z","ea5bcb78","INFO","SMSRequestHelper.submitMessageToInfoBib","Submitting message to Infobip: Dear Dr. Rapheal Djane Kotei, your OTP for the API Automation login is: 807122. It expires in 5 minutes."
"2026-02-10T10:37:37.341162200Z","1df1306a","INFO","SMSRequestHelper.submitMessageToInfoBib","Submitting message to Infobip: Hi USG00060, your login to the API Automation was successful on Tuesday, February 10, 2026 at 10:37:37 AM. If this wasn't you, contact support."
"2026-02-10T10:46:24.364275900Z","b4f75c9a","INFO","ApiKeyNSecretInterceptor.preHandle","Incoming Request: x-api-key=sTr@****ry$!, x-api-secret=iCeC****@M&!"
"2026-02-10T10:46:24.393116200Z","26444f83","INFO","ApiKeyNSecretHelper.validateApiCredentials","[API Validation] ✅ API key & secret validated successfully | apiKey=sTr@wBerry$!"
"2026-02-10T10:46:24.400681100Z","e0d06d7d","INFO","ClientIpHelper.validateAPIClientIp","[API Client IP Validation] ✅ Client IP validated successfully | apiKey=sTr@wBerry$! | IP=192.168.1.124"
"2026-02-10T10:46:24.403533600Z","52c1dc05","INFO","UserManagementController.loginUser","Request ID: 7e5316ed-6239-4c51-bbc3-4ff72cf9dd54, Login attempt for username: RDK006"
"2026-02-10T10:46:24.425254800Z","82e77ae0","INFO","UserManagementService.userLogin","[Login] Request ID: 7e5316ed-6239-4c51-bbc3-4ff72cf9dd54, Login attempt for userManagement: RDK006, Performed by: UNKNOWN"
"2026-02-10T10:46:24.430377200Z","ca185f8b","INFO","UserManagementService.userLogin","[Login] Request ID: 7e5316ed-6239-4c51-bbc3-4ff72cf9dd54, Checking if userManagement exists: RDK006"
"2026-02-10T10:46:24.450012100Z","54af69e7","INFO","UserManagementService.userLogin","[Login] Request ID: 7e5316ed-6239-4c51-bbc3-4ff72cf9dd54, User found: RDK006, DefaultPwd: false, Active: true"
"2026-02-10T10:46:24.459545300Z","7eb7d932","INFO","UserManagementService.userLogin","[Login] Request ID: 7e5316ed-6239-4c51-bbc3-4ff72cf9dd54, Verifying password for userManagement: RDK006"
"2026-02-10T10:46:24.757456100Z","4d0d3c9b","INFO","UserManagementService.userLogin","[Login] Request ID: 7e5316ed-6239-4c51-bbc3-4ff72cf9dd54, Reset failed attempts for userManagement: RDK006"
"2026-02-10T10:46:24.784041400Z","11bebf8e","INFO","UserManagementService.userLogin","[Login] Request ID: 7e5316ed-6239-4c51-bbc3-4ff72cf9dd54, Successful login for userManagement: RDK006"
"2026-02-10T10:46:24.789684800Z","1af4b0c5","INFO","UserManagementService.userLogin","[Login] Request ID: 7e5316ed-6239-4c51-bbc3-4ff72cf9dd54, Final response for userManagement: RDK006, code: 200"
"2026-02-10T10:46:24.805355500Z","898d1d6f","INFO","UserManagementController.loginUser","Request ID: 7e5316ed-6239-4c51-bbc3-4ff72cf9dd54, Login response: {""data"":{""role"":""oracle"",""is_active"":true,""user_id"":""RDK006"",""last_login"":""2026-02-10T10:37:37.339399"",""staff_id"":""USG00060"",""phone_number"":""+233555442117"",""is_default_password"":false,""email"":""koteidjanerapheal@gmail.com"",""username"":""USG00060"",""token"":""eyJhbGciOiJIUzUxMiJ9.eyJzdWIiOiJSREswMDYiLCJpYXQiOjE3NzA3MjAzODQsImV4cCI6MTc3MDgwNjc4NH0.BOqpvy5_4qfWU3B7qjFTRoKW5xnZfFzmJcfVugoWvXbqKbkUQeMod2ToWFQVIhMi0ETuyw9NLaTsP-uZf0ysFw""},""user_id"":""RDK006"",""message"":""Login successful"",""responseCode"":200}"
"2026-02-10T10:46:24.870027200Z","d6cbb543","INFO","SMSRequestHelper.submitMessageToInfoBib","Submitting message to Infobip: Dear Dr. Rapheal Djane Kotei, your OTP for the API Automation login is: 289716. It expires in 5 minutes."
"2026-02-10T10:46:26.251224400Z","61cc479e","INFO","SMSRequestHelper.submitMessageToInfoBib","Submitting message to Infobip: Hi USG00060, your login to the API Automation was successful on Tuesday, February 10, 2026 at 10:46:26 AM. If this wasn't you, contact support."
"2026-02-10T10:54:20.416537700Z","7ef071e0","INFO","ApiKeyNSecretInterceptor.preHandle","Incoming Request: x-api-key=sTr@****ry$!, x-api-secret=iCeC****@M&!"
"2026-02-10T10:54:20.437092700Z","3530ef96","INFO","ApiKeyNSecretHelper.validateApiCredentials","[API Validation] ✅ API key & secret validated successfully | apiKey=sTr@wBerry$!"
"2026-02-10T10:54:20.445570600Z","4a34dc89","INFO","ClientIpHelper.validateAPIClientIp","[API Client IP Validation] ✅ Client IP validated successfully | apiKey=sTr@wBerry$! | IP=192.168.1.124"
"2026-02-10T10:54:20.456780200Z","7706f5b2","INFO","UserManagementController.loginUser","Request ID: 556bd840-e2d4-4efa-bbf4-8e32b844f3a9, Login attempt for username: RDK006"
"2026-02-10T10:54:20.477148300Z","144a4ca9","INFO","UserManagementService.userLogin","[Login] Request ID: 556bd840-e2d4-4efa-bbf4-8e32b844f3a9, Login attempt for userManagement: RDK006, Performed by: UNKNOWN"
"2026-02-10T10:54:20.478666800Z","ba9b1b77","INFO","UserManagementService.userLogin","[Login] Request ID: 556bd840-e2d4-4efa-bbf4-8e32b844f3a9, Checking if userManagement exists: RDK006"
"2026-02-10T10:54:20.494993300Z","cf4861e4","INFO","UserManagementService.userLogin","[Login] Request ID: 556bd840-e2d4-4efa-bbf4-8e32b844f3a9, User found: RDK006, DefaultPwd: false, Active: true"
"2026-02-10T10:54:20.507722100Z","068708ed","INFO","UserManagementService.userLogin","[Login] Request ID: 556bd840-e2d4-4efa-bbf4-8e32b844f3a9, Verifying password for userManagement: RDK006"
"2026-02-10T10:54:20.807439900Z","1285ccb0","INFO","UserManagementService.userLogin","[Login] Request ID: 556bd840-e2d4-4efa-bbf4-8e32b844f3a9, Reset failed attempts for userManagement: RDK006"
"2026-02-10T10:54:20.831781500Z","ecbe758c","INFO","UserManagementService.userLogin","[Login] Request ID: 556bd840-e2d4-4efa-bbf4-8e32b844f3a9, Successful login for userManagement: RDK006"
"2026-02-10T10:54:20.833802900Z","992311ee","INFO","UserManagementService.userLogin","[Login] Request ID: 556bd840-e2d4-4efa-bbf4-8e32b844f3a9, Final response for userManagement: RDK006, code: 200"
"2026-02-10T10:54:20.842444900Z","897f6f7d","INFO","UserManagementController.loginUser","Request ID: 556bd840-e2d4-4efa-bbf4-8e32b844f3a9, Login response: {""data"":{""role"":""oracle"",""is_active"":true,""user_id"":""RDK006"",""last_login"":""2026-02-10T10:46:26.259258"",""staff_id"":""USG00060"",""phone_number"":""+233555442117"",""is_default_password"":false,""email"":""koteidjanerapheal@gmail.com"",""username"":""USG00060"",""token"":""eyJhbGciOiJIUzUxMiJ9.eyJzdWIiOiJSREswMDYiLCJpYXQiOjE3NzA3MjA4NjAsImV4cCI6MTc3MDgwNzI2MH0.mIHUS5n-5rjCOXfXA3gv7Ogd30d9RzeYdsl6CiGByJdPrlWauVfCNKAgllbE56fh1AAP6n6-Xy7AA5osX5XvpQ""},""user_id"":""RDK006"",""message"":""Login successful"",""responseCode"":200}"
"2026-02-10T10:54:20.897497600Z","aee2e860","INFO","SMSRequestHelper.submitMessageToInfoBib","Submitting message to Infobip: Dear Dr. Rapheal Djane Kotei, your OTP for the API Automation login is: 364071. It expires in 5 minutes."
"2026-02-10T10:54:22.382771900Z","ff154bb9","INFO","SMSRequestHelper.submitMessageToInfoBib","Submitting message to Infobip: Hi USG00060, your login to the API Automation was successful on Tuesday, February 10, 2026 at 10:54:22 AM. If this wasn't you, contact support."
