"2026-02-09T07:29:26.371434400Z","8da80fe3","INFO","CollectionsController.getEnvironments","Request ID: 3256c76d-7f7a-4e22-8447-0ff58ad7075b, Getting environments for user: RDK006"
DK006"
"2026-02-09T07:29:26.375164700Z","0abe8f53","INFO","CollectionsService.getCollectionsList","Request ID: 3763373c-3536-4818-8baa-835233fb336b, Getting collections list for user: RDK006"
"2026-02-09T07:29:26.375654400Z","36dd7645","INFO","CollectionsController.getEnvironments","Request ID: 3256c76d-7f7a-4e22-8447-0ff58ad7075b, Environments retrieved successfully"
"2026-02-09T07:29:26.385807800Z","de1c3e9b","INFO","CollectionsController.getCollectionsList","Request ID: 3763373c-3536-4818-8baa-835233fb336b, Collections list retrieved successfully"
"2026-02-09T07:29:41.168062200Z","753b718f","INFO","CollectionsController.getCollectionsList","Request ID: 92d42ff3-5046-45a3-979b-a21b43ed7395, Getting collections list for user: RDK006"
"2026-02-09T07:29:41.169059800Z","7769d196","INFO","CollectionsController.getEnvironments","Request ID: 23905e79-befa-4afc-b103-da59ebbbbb79, Getting environments for user: RDK006"
"2026-02-09T07:29:41.172055100Z","0142021f","INFO","CollectionsService.getCollectionsList","Request ID: 92d42ff3-5046-45a3-979b-a21b43ed7395, Getting collections list for user: RDK006"
"2026-02-09T07:29:41.172055100Z","e7fa4fdc","INFO","CollectionsController.getEnvironments","Request ID: 23905e79-befa-4afc-b103-da59ebbbbb79, Environments retrieved successfully"
"2026-02-09T07:29:41.174056200Z","8a08a422","INFO","CollectionsController.getCollectionsList","Request ID: 92d42ff3-5046-45a3-979b-a21b43ed7395, Collections list retrieved successfully"
"2026-02-09T07:40:59.818386Z","af308cb3","INFO","CollectionsController.getEnvironments","Request ID: 69c97d86-0ab3-436e-84e0-d49024a4a587, Getting environments for user: RDK006"
"2026-02-09T07:40:59.896505500Z","c81fbccf","INFO","CollectionsController.getEnvironments","Request ID: 69c97d86-0ab3-436e-84e0-d49024a4a587, Environments retrieved successfully"
"2026-02-09T07:40:59.902507200Z","a88eff51","INFO","CollectionsController.getCollectionsList","Request ID: 21936b2a-da78-4b10-9808-10f86736b205, Getting collections list for user: RDK006"
"2026-02-09T07:40:59.930932400Z","7469fb80","INFO","CollectionsService.getCollectionsList","Request ID: 21936b2a-da78-4b10-9808-10f86736b205, Getting collections list for user: RDK006"
"2026-02-09T07:40:59.947758600Z","f9ac8ad3","INFO","CollectionsController.getCollectionsList","Request ID: 21936b2a-da78-4b10-9808-10f86736b205, Collections list retrieved successfully"
"2026-02-09T07:41:00.000557400Z","89aed7e2","INFO","CollectionsController.getCollectionDetails","Request ID: 0b6362f9-0b62-4489-ac60-66dc8b4d8561, Getting collection details for: col-1"
"2026-02-09T07:41:00.000557400Z","8953ff52","INFO","CollectionsController.getCollectionDetails","Request ID: 0a4d1e9e-c7b2-4ba3-a903-6e0a5b3ddba2, Getting collection details for: col-2"
"2026-02-09T07:41:00.015396800Z","4eaa95f4","INFO","CollectionsController.getCollectionDetails","Request ID: 0b6362f9-0b62-4489-ac60-66dc8b4d8561, Collection details retrieved successfully"
"2026-02-09T07:41:00.015396800Z","cf52acc0","INFO","CollectionsController.getCollectionDetails","Request ID: 0a4d1e9e-c7b2-4ba3-a903-6e0a5b3ddba2, Collection details retrieved successfully"
"2026-02-09T07:41:00.326568100Z","964575bf","INFO","CollectionsController.getRequestDetails","Request ID: ad16dbe6-ba0f-4294-8c5c-d3f66cb9f2ee, Getting request details for: req-1"
"2026-02-09T07:41:00.474658700Z","77b1a492","INFO","CollectionsController.getCollectionsList","Request ID: d1614bc0-d76b-41bc-b224-30a7e7c4c405, Getting collections list for user: RDK006"
"2026-02-09T07:41:00.481525Z","a85d42e9","INFO","CollectionsController.getEnvironments","Request ID: 6d5c39b9-ef1b-459c-bef4-65167cd6ef8f, Getting environments for user: RDK006"
"2026-02-09T07:41:00.489572100Z","cf2c92be","INFO","CollectionsController.getRequestDetails","Request ID: ad16dbe6-ba0f-4294-8c5c-d3f66cb9f2ee, Request details retrieved successfully"
"2026-02-09T07:41:00.521147600Z","31af766a","INFO","CollectionsService.getCollectionsList","Request ID: d1614bc0-d76b-41bc-b224-30a7e7c4c405, Getting collections list for user: RDK006"
"2026-02-09T07:41:00.524146100Z","2ce01f29","INFO","CollectionsController.getCollectionsList","Request ID: d1614bc0-d76b-41bc-b224-30a7e7c4c405, Collections list retrieved successfully"
"2026-02-09T07:41:00.524146100Z","cd2cd6b5","INFO","CollectionsController.getEnvironments","Request ID: 6d5c39b9-ef1b-459c-bef4-65167cd6ef8f, Environments retrieved successfully"
"2026-02-09T07:41:00.567031700Z","031feddc","INFO","CollectionsController.getCollectionDetails","Request ID: a2f419f3-0fa4-494b-b4fa-8ab09ad9d919, Getting collection details for: col-1"
"2026-02-09T07:41:00.667070800Z","64eca0f8","INFO","CollectionsController.getEnvironments","Request ID: f9b0eb90-e070-445a-ae12-59a731a0f985, Getting environments for user: RDK006"
"2026-02-09T07:41:00.692591600Z","ba03e45d","INFO","CollectionsController.getCollectionDetails","Request ID: a2f419f3-0fa4-494b-b4fa-8ab09ad9d919, Collection details retrieved successfully"
"2026-02-09T07:41:00.696071200Z","65fab323","INFO","CollectionsController.getCollectionDetails","Request ID: c7becd42-0fc6-442c-8df0-36a8d5ea5f59, Getting collection details for: col-2"
"2026-02-09T07:41:00.697070500Z","d7a3bffb","INFO","CollectionsController.generateCodeSnippet","Request ID: 95b74952-496a-49fb-9887-eb4b79f756c6, Generating code snippet for language: curl"
"2026-02-09T07:41:00.699071200Z","19c36fab","INFO","CollectionsController.getCollectionsList","Request ID: 77fa21bc-9035-4799-b6e3-a44fbd5f8c98, Getting collections list for user: RDK006"
"2026-02-09T07:41:00.700072Z","b9c3808a","INFO","CollectionsController.getEnvironments","Request ID: f9b0eb90-e070-445a-ae12-59a731a0f985, Environments retrieved successfully"
"2026-02-09T07:41:00.711861800Z","59e045b2","INFO","CollectionsController.getCollectionDetails","Request ID: c7becd42-0fc6-442c-8df0-36a8d5ea5f59, Collection details retrieved successfully"
"2026-02-09T07:41:00.724896700Z","3205abce","INFO","CollectionsService.getCollectionsList","Request ID: 77fa21bc-9035-4799-b6e3-a44fbd5f8c98, Getting collections list for user: RDK006"
"2026-02-09T07:41:00.737048400Z","3157dc2f","INFO","CollectionsController.generateCodeSnippet","Request ID: 95b74952-496a-49fb-9887-eb4b79f756c6, Code snippet generated successfully"
"2026-02-09T07:41:00.766815800Z","71b1afeb","INFO","CollectionsController.getCollectionsList","Request ID: 77fa21bc-9035-4799-b6e3-a44fbd5f8c98, Collections list retrieved successfully"
"2026-02-09T07:41:00.804167700Z","b6172a44","INFO","CollectionsController.getCollectionDetails","Request ID: 5b22c54b-5d2a-4df2-a730-03df32793a69, Getting collection details for: col-2"
"2026-02-09T07:41:00.820192200Z","a2a38924","INFO","CollectionsController.getCollectionDetails","Request ID: 5b22c54b-5d2a-4df2-a730-03df32793a69, Collection details retrieved successfully"
"2026-02-09T07:41:00.822192400Z","17ca3e24","INFO","CollectionsController.getCollectionDetails","Request ID: a94d41d2-07eb-40c6-81dd-78d470b47a28, Getting collection details for: col-1"
"2026-02-09T07:41:00.836728300Z","c651d9ae","INFO","CollectionsController.getCollectionDetails","Request ID: a94d41d2-07eb-40c6-81dd-78d470b47a28, Collection details retrieved successfully"
"2026-02-09T07:41:14.777650900Z","60653597","INFO","CollectionsController.getCollectionsList","Request ID: 0efec372-dbcc-4325-83e1-f0476d8719b6, Getting collections list for user: RDK006"
"2026-02-09T07:41:14.828575300Z","8d28002d","INFO","CollectionsController.generateCodeSnippet","Request ID: fcb4d9fc-eff1-492f-8f69-03726b58cb0d, Generating code snippet for language: python"
"2026-02-09T07:41:15.020432800Z","8338bcc1","INFO","CollectionsController.getRequestDetails","Request ID: b7bb7397-1764-442c-a937-ed523c8e2623, Getting request details for: req-2"
"2026-02-09T07:41:15.027049900Z","dcf646d5","INFO","CollectionsService.getCollectionsList","Request ID: 0efec372-dbcc-4325-83e1-f0476d8719b6, Getting collections list for user: RDK006"
"2026-02-09T07:41:15.020432800Z","b295d405","INFO","CollectionsController.getEnvironments","Request ID: e8b2048e-bd37-4af7-8b88-533c4abc2790, Getting environments for user: RDK006"
"2026-02-09T07:41:15.074044900Z","86bb3adc","INFO","CollectionsController.generateCodeSnippet","Request ID: fcb4d9fc-eff1-492f-8f69-03726b58cb0d, Code snippet generated successfully"
"2026-02-09T07:41:15.233387500Z","e315befe","INFO","CollectionsController.getRequestDetails","Request ID: b7bb7397-1764-442c-a937-ed523c8e2623, Request details retrieved successfully"
"2026-02-09T07:41:15.253728Z","c4b89147","INFO","CollectionsController.getEnvironments","Request ID: e8b2048e-bd37-4af7-8b88-533c4abc2790, Environments retrieved successfully"
"2026-02-09T07:41:15.253728Z","cab659ed","INFO","CollectionsController.getCollectionsList","Request ID: 0efec372-dbcc-4325-83e1-f0476d8719b6, Collections list retrieved successfully"
"2026-02-09T07:41:15.300582800Z","2f841bb4","INFO","CollectionsController.getCollectionsList","Request ID: 7283561d-9a75-47d6-a507-fdad5264984a, Getting collections list for user: RDK006"
"2026-02-09T07:41:15.313518600Z","b79f927a","INFO","CollectionsController.getCollectionDetails","Request ID: 5b512bb9-b774-405a-9104-61f413b67ec9, Getting collection details for: col-1"
"2026-02-09T07:41:15.317538400Z","1b615f10","INFO","CollectionsController.getCollectionDetails","Request ID: 0439e66b-68e9-4ee9-9097-59c685863a95, Getting collection details for: col-2"
"2026-02-09T07:41:15.319548Z","b2cfab97","INFO","CollectionsService.getCollectionsList","Request ID: 7283561d-9a75-47d6-a507-fdad5264984a, Getting collections list for user: RDK006"
"2026-02-09T07:41:15.321554900Z","e3d200a0","INFO","CollectionsController.getCollectionDetails","Request ID: 5b512bb9-b774-405a-9104-61f413b67ec9, Collection details retrieved successfully"
"2026-02-09T07:41:15.323564900Z","9c7d9119","INFO","CollectionsController.getEnvironments","Request ID: c2a26d88-9f9a-4400-9fd9-48dd1afb5de6, Getting environments for user: RDK006"
"2026-02-09T07:41:15.326997800Z","fe7f8991","INFO","CollectionsController.getCollectionsList","Request ID: 7283561d-9a75-47d6-a507-fdad5264984a, Collections list retrieved successfully"
"2026-02-09T07:41:15.328445700Z","033291fe","INFO","CollectionsController.getCollectionDetails","Request ID: 0439e66b-68e9-4ee9-9097-59c685863a95, Collection details retrieved successfully"
"2026-02-09T07:41:15.336482600Z","724eb654","INFO","CollectionsController.getEnvironments","Request ID: c2a26d88-9f9a-4400-9fd9-48dd1afb5de6, Environments retrieved successfully"
"2026-02-09T07:41:15.359511Z","08649b85","INFO","CollectionsController.getCollectionDetails","Request ID: 68387e3e-9040-485b-ad68-41a219cb0d78, Getting collection details for: col-2"
"2026-02-09T07:41:15.363050600Z","6f1570e4","INFO","CollectionsController.getCollectionDetails","Request ID: 46504537-d38b-4a52-a7bf-3c0879f9761b, Getting collection details for: col-1"
"2026-02-09T07:41:15.367865100Z","ac31348c","INFO","CollectionsController.getCollectionDetails","Request ID: 68387e3e-9040-485b-ad68-41a219cb0d78, Collection details retrieved successfully"
"2026-02-09T07:41:15.373896500Z","64c2996a","INFO","CollectionsController.getCollectionDetails","Request ID: 46504537-d38b-4a52-a7bf-3c0879f9761b, Collection details retrieved successfully"
"2026-02-09T07:41:18.087731900Z","993240e0","INFO","CollectionsController.getRequestDetails","Request ID: e65cb5dc-8301-44af-b461-e0363fcd8c42, Getting request details for: req-1"
"2026-02-09T07:41:18.091824900Z","7cd9aae1","INFO","CollectionsController.getCollectionsList","Request ID: 4bc8bafd-8b17-461d-9402-2f24b1bbe5ce, Getting collections list for user: RDK006"
"2026-02-09T07:41:18.092964200Z","cf18a3c7","INFO","CollectionsController.generateCodeSnippet","Request ID: a7fe2b22-d427-4d3e-86d9-c3e2535f1db5, Generating code snippet for language: python"
"2026-02-09T07:41:18.092964200Z","d1b45f3d","INFO","CollectionsController.getRequestDetails","Request ID: e65cb5dc-8301-44af-b461-e0363fcd8c42, Request details retrieved successfully"
"2026-02-09T07:41:18.092964200Z","1c617738","INFO","CollectionsController.getEnvironments","Request ID: e46b2706-d221-40b4-941d-01a58539735a, Getting environments for user: RDK006"
"2026-02-09T07:41:18.095978400Z","e997f2e0","INFO","CollectionsController.generateCodeSnippet","Request ID: a7fe2b22-d427-4d3e-86d9-c3e2535f1db5, Code snippet generated successfully"
"2026-02-09T07:41:18.095978400Z","253e5848","INFO","CollectionsService.getCollectionsList","Request ID: 4bc8bafd-8b17-461d-9402-2f24b1bbe5ce, Getting collections list for user: RDK006"
"2026-02-09T07:41:18.099759700Z","b0d0a85e","INFO","CollectionsController.getEnvironments","Request ID: e46b2706-d221-40b4-941d-01a58539735a, Environments retrieved successfully"
"2026-02-09T07:41:18.098977900Z","efa9f4a8","INFO","CollectionsController.getCollectionsList","Request ID: 4bc8bafd-8b17-461d-9402-2f24b1bbe5ce, Collections list retrieved successfully"
"2026-02-09T07:41:18.113343100Z","c2375842","INFO","CollectionsController.getEnvironments","Request ID: a1e0a190-6035-4479-b71c-aced6b729701, Getting environments for user: RDK006"
"2026-02-09T07:41:18.110344700Z","59b7c96d","INFO","CollectionsController.getCollectionsList","Request ID: 56df7e0d-1a00-43ea-bb92-a70186035f30, Getting collections list for user: RDK006"
"2026-02-09T07:41:18.118542900Z","03d54320","INFO","CollectionsController.getEnvironments","Request ID: a1e0a190-6035-4479-b71c-aced6b729701, Environments retrieved successfully"
"2026-02-09T07:41:18.118542900Z","e370295b","INFO","CollectionsService.getCollectionsList","Request ID: 56df7e0d-1a00-43ea-bb92-a70186035f30, Getting collections list for user: RDK006"
"2026-02-09T07:41:18.120555300Z","5688ca7d","INFO","CollectionsController.getCollectionsList","Request ID: 56df7e0d-1a00-43ea-bb92-a70186035f30, Collections list retrieved successfully"
"2026-02-09T07:41:18.120555300Z","3c88e04a","INFO","CollectionsController.getCollectionDetails","Request ID: 351d3cd1-9b89-4799-9eca-7e71dfde4431, Getting collection details for: col-1"
"2026-02-09T07:41:18.120555300Z","3a79a284","INFO","CollectionsController.getCollectionDetails","Request ID: 50febacb-4991-49e6-8800-8a1946bc9942, Getting collection details for: col-2"
"2026-02-09T07:41:18.124574300Z","da847dac","INFO","CollectionsController.getCollectionDetails","Request ID: 351d3cd1-9b89-4799-9eca-7e71dfde4431, Collection details retrieved successfully"
"2026-02-09T07:41:18.128336Z","1154a250","INFO","CollectionsController.getCollectionDetails","Request ID: 50febacb-4991-49e6-8800-8a1946bc9942, Collection details retrieved successfully"
"2026-02-09T07:41:18.137296700Z","6d1fc168","INFO","CollectionsController.getCollectionDetails","Request ID: 94900ffd-00ee-4a8f-83f7-fbb1d4415500, Getting collection details for: col-2"
"2026-02-09T07:41:18.137296700Z","71b470b9","INFO","CollectionsController.getCollectionDetails","Request ID: 97423c1f-5d1d-4e67-a225-a8bc1ba131aa, Getting collection details for: col-1"
"2026-02-09T07:41:18.140515400Z","31267a5e","INFO","CollectionsController.getCollectionDetails","Request ID: 94900ffd-00ee-4a8f-83f7-fbb1d4415500, Collection details retrieved successfully"
"2026-02-09T07:41:18.140515400Z","91e76efc","INFO","CollectionsController.getCollectionDetails","Request ID: 97423c1f-5d1d-4e67-a225-a8bc1ba131aa, Collection details retrieved successfully"
"2026-02-09T07:41:21.321779Z","95906b6a","INFO","CollectionsController.getRequestDetails","Request ID: 4e93b8f3-79ff-48b6-8688-ee22efa6d7ba, Getting request details for: req-2"
"2026-02-09T07:41:21.325968600Z","97f6c9c0","INFO","CollectionsController.getCollectionsList","Request ID: be82424d-eb8d-4cb6-b75a-bc98efac83be, Getting collections list for user: RDK006"
"2026-02-09T07:41:21.326297800Z","6678ca27","INFO","CollectionsController.getRequestDetails","Request ID: 4e93b8f3-79ff-48b6-8688-ee22efa6d7ba, Request details retrieved successfully"
"2026-02-09T07:41:21.325968600Z","bad21ce2","INFO","CollectionsController.getEnvironments","Request ID: e21f5927-ec4d-4ddc-9a3b-a038bc31ee83, Getting environments for user: RDK006"
"2026-02-09T07:41:21.327365600Z","d1c3358d","INFO","CollectionsController.generateCodeSnippet","Request ID: a3f533fe-39bf-4c1c-92e0-86d405ef05bd, Generating code snippet for language: python"
"2026-02-09T07:41:21.327365600Z","16dfe23f","INFO","CollectionsService.getCollectionsList","Request ID: be82424d-eb8d-4cb6-b75a-bc98efac83be, Getting collections list for user: RDK006"
"2026-02-09T07:41:21.329977200Z","cf92e9a6","INFO","CollectionsController.getEnvironments","Request ID: e21f5927-ec4d-4ddc-9a3b-a038bc31ee83, Environments retrieved successfully"
"2026-02-09T07:41:21.333804100Z","de1edced","INFO","CollectionsController.getCollectionsList","Request ID: be82424d-eb8d-4cb6-b75a-bc98efac83be, Collections list retrieved successfully"
"2026-02-09T07:41:21.333804100Z","ede1946a","INFO","CollectionsController.generateCodeSnippet","Request ID: a3f533fe-39bf-4c1c-92e0-86d405ef05bd, Code snippet generated successfully"
"2026-02-09T07:41:21.345514700Z","2aca62b5","INFO","CollectionsController.getEnvironments","Request ID: 59371b67-204c-4ebf-8b0b-375180e21726, Getting environments for user: RDK006"
"2026-02-09T07:41:21.345514700Z","c7dd9d85","INFO","CollectionsController.getCollectionsList","Request ID: 7dcb13ff-5b79-4b07-8bcd-f1482771ef6f, Getting collections list for user: RDK006"
"2026-02-09T07:41:21.351556400Z","1567f0f0","INFO","CollectionsController.getCollectionDetails","Request ID: c92cdbd5-9b3d-4834-b588-2b33a9e14016, Getting collection details for: col-1"
"2026-02-09T07:41:21.351556400Z","5e5324f4","INFO","CollectionsController.getEnvironments","Request ID: 59371b67-204c-4ebf-8b0b-375180e21726, Environments retrieved successfully"
"2026-02-09T07:41:21.353563300Z","2ef65a3a","INFO","CollectionsService.getCollectionsList","Request ID: 7dcb13ff-5b79-4b07-8bcd-f1482771ef6f, Getting collections list for user: RDK006"
"2026-02-09T07:41:21.353563300Z","4429817e","INFO","CollectionsController.getCollectionDetails","Request ID: 3a0d86f0-438d-459c-828d-dc60a9084f3a, Getting collection details for: col-2"
"2026-02-09T07:41:21.355571Z","be3379bf","INFO","CollectionsController.getCollectionDetails","Request ID: c92cdbd5-9b3d-4834-b588-2b33a9e14016, Collection details retrieved successfully"
"2026-02-09T07:41:21.355571Z","af43ec88","INFO","CollectionsController.getCollectionsList","Request ID: 7dcb13ff-5b79-4b07-8bcd-f1482771ef6f, Collections list retrieved successfully"
"2026-02-09T07:41:21.357579600Z","dba644f1","INFO","CollectionsController.getCollectionDetails","Request ID: 3a0d86f0-438d-459c-828d-dc60a9084f3a, Collection details retrieved successfully"
"2026-02-09T07:41:21.369721700Z","3c6aef9a","INFO","CollectionsController.getCollectionDetails","Request ID: bdb0aa74-2038-4226-a19b-05753610f6cd, Getting collection details for: col-1"
"2026-02-09T07:41:21.369721700Z","05be93dd","INFO","CollectionsController.getCollectionDetails","Request ID: c1bc5989-7b93-4028-ae08-c745826561dd, Getting collection details for: col-2"
"2026-02-09T07:41:21.371734700Z","8d4947c9","INFO","CollectionsController.getCollectionDetails","Request ID: bdb0aa74-2038-4226-a19b-05753610f6cd, Collection details retrieved successfully"
"2026-02-09T07:41:21.371734700Z","4e64c81e","INFO","CollectionsController.getCollectionDetails","Request ID: c1bc5989-7b93-4028-ae08-c745826561dd, Collection details retrieved successfully"
"2026-02-09T07:42:30.800084400Z","d9bf9e1f","INFO","CollectionsController.getCollectionsList","Request ID: a8f9196f-7ea9-4bd8-86d2-9b3643ad55a2, Getting collections list for user: RDK006"
"2026-02-09T07:42:30.800084400Z","10d917fe","INFO","CollectionsController.getEnvironments","Request ID: 65483a83-0cff-4ce9-9882-6dde23cd18b9, Getting environments for user: RDK006"
"2026-02-09T07:42:30.803084700Z","713d7c1c","INFO","CollectionsService.getCollectionsList","Request ID: a8f9196f-7ea9-4bd8-86d2-9b3643ad55a2, Getting collections list for user: RDK006"
"2026-02-09T07:42:30.804088200Z","6c6b2c0b","INFO","CollectionsController.getEnvironments","Request ID: 65483a83-0cff-4ce9-9882-6dde23cd18b9, Environments retrieved successfully"
"2026-02-09T07:42:30.805652200Z","156b82e3","INFO","CollectionsController.getCollectionsList","Request ID: a8f9196f-7ea9-4bd8-86d2-9b3643ad55a2, Collections list retrieved successfully"
"2026-02-09T07:42:30.822257900Z","b5479aeb","INFO","CollectionsController.getCollectionDetails","Request ID: 3e8d76b7-1e4b-4301-9863-0b4aa9e80790, Getting collection details for: col-1"
"2026-02-09T07:42:30.822257900Z","dca1c1ae","INFO","CollectionsController.getCollectionDetails","Request ID: cccf02d0-7b78-448c-b052-8be77a37567f, Getting collection details for: col-2"
"2026-02-09T07:42:30.824868100Z","519985d9","INFO","CollectionsController.getCollectionDetails","Request ID: 3e8d76b7-1e4b-4301-9863-0b4aa9e80790, Collection details retrieved successfully"
"2026-02-09T07:42:30.824868100Z","cfabb6cb","INFO","CollectionsController.getCollectionDetails","Request ID: cccf02d0-7b78-448c-b052-8be77a37567f, Collection details retrieved successfully"
"2026-02-09T07:42:30.839004200Z","e519513c","INFO","CollectionsController.getRequestDetails","Request ID: 035c4cad-140f-448b-808c-848e0d230453, Getting request details for: req-1"
"2026-02-09T07:42:30.840974Z","435353a8","INFO","CollectionsController.getRequestDetails","Request ID: 035c4cad-140f-448b-808c-848e0d230453, Request details retrieved successfully"
"2026-02-09T07:42:30.854760900Z","3953d739","INFO","CollectionsController.getEnvironments","Request ID: c1831779-4837-48e0-bdcb-110270372ae4, Getting environments for user: RDK006"
"2026-02-09T07:42:30.852753400Z","924ac94a","INFO","CollectionsController.getCollectionsList","Request ID: 4f68fa5a-a681-4c49-86a3-2f3c2478af6f, Getting collections list for user: RDK006"
"2026-02-09T07:42:30.855339400Z","1f0cb0dc","INFO","CollectionsController.generateCodeSnippet","Request ID: 5cd476af-4f3b-45fe-966b-f0c9eb9c8323, Generating code snippet for language: curl"
"2026-02-09T07:42:30.856026800Z","16dd53f9","INFO","CollectionsController.getEnvironments","Request ID: c1831779-4837-48e0-bdcb-110270372ae4, Environments retrieved successfully"
"2026-02-09T07:42:30.859462400Z","ac6bfb29","INFO","CollectionsService.getCollectionsList","Request ID: 4f68fa5a-a681-4c49-86a3-2f3c2478af6f, Getting collections list for user: RDK006"
"2026-02-09T07:42:30.860749900Z","420e1d21","INFO","CollectionsController.generateCodeSnippet","Request ID: 5cd476af-4f3b-45fe-966b-f0c9eb9c8323, Code snippet generated successfully"
"2026-02-09T07:42:30.865696100Z","0c349f34","INFO","CollectionsController.getCollectionsList","Request ID: 4f68fa5a-a681-4c49-86a3-2f3c2478af6f, Collections list retrieved successfully"
"2026-02-09T07:42:30.874011200Z","fd25c2df","INFO","CollectionsController.getEnvironments","Request ID: a362f1b7-9e27-4801-ad21-2bc13c7f38ef, Getting environments for user: RDK006"
"2026-02-09T07:42:30.882043600Z","57a34515","INFO","CollectionsController.getEnvironments","Request ID: a362f1b7-9e27-4801-ad21-2bc13c7f38ef, Environments retrieved successfully"
"2026-02-09T07:42:30.901437400Z","52031de3","INFO","CollectionsController.getCollectionsList","Request ID: 3bce0f32-01b7-4a8a-b27f-4bb06ef4adf0, Getting collections list for user: RDK006"
"2026-02-09T07:42:30.903454700Z","15a63261","INFO","CollectionsController.getCollectionDetails","Request ID: c1e17a2c-ea82-43a9-b0d5-17c4c5c8d3f2, Getting collection details for: col-2"
"2026-02-09T07:42:30.903454700Z","6675f0de","INFO","CollectionsController.getCollectionDetails","Request ID: 8e983b27-0837-4fa0-bafa-9b2fb240a181, Getting collection details for: col-1"
"2026-02-09T07:42:30.909652500Z","9257b54e","INFO","CollectionsController.getCollectionDetails","Request ID: c1e17a2c-ea82-43a9-b0d5-17c4c5c8d3f2, Collection details retrieved successfully"
"2026-02-09T07:42:30.909652500Z","f33e7b0e","INFO","CollectionsController.getCollectionDetails","Request ID: 8e983b27-0837-4fa0-bafa-9b2fb240a181, Collection details retrieved successfully"
"2026-02-09T07:42:30.909652500Z","348b7bb0","INFO","CollectionsService.getCollectionsList","Request ID: 3bce0f32-01b7-4a8a-b27f-4bb06ef4adf0, Getting collections list for user: RDK006"
"2026-02-09T07:42:30.914047500Z","0569017a","INFO","CollectionsController.getCollectionsList","Request ID: 3bce0f32-01b7-4a8a-b27f-4bb06ef4adf0, Collections list retrieved successfully"
"2026-02-09T07:42:30.927915400Z","c4500874","INFO","CollectionsController.getCollectionDetails","Request ID: 16c1b927-a9c8-4498-a03e-586f88bdb110, Getting collection details for: col-1"
"2026-02-09T07:42:30.927915400Z","9e0b5ace","INFO","CollectionsController.getCollectionDetails","Request ID: 67dc5540-26ee-43e6-93bf-8c46427ca2b1, Getting collection details for: col-2"
"2026-02-09T07:42:30.931931800Z","6bfc93f1","INFO","CollectionsController.getCollectionDetails","Request ID: 16c1b927-a9c8-4498-a03e-586f88bdb110, Collection details retrieved successfully"
"2026-02-09T07:42:30.931931800Z","c4c8066c","INFO","CollectionsController.getCollectionDetails","Request ID: 67dc5540-26ee-43e6-93bf-8c46427ca2b1, Collection details retrieved successfully"
"2026-02-09T07:42:38.121971600Z","d5e049e8","INFO","CollectionsController.getEnvironments","Request ID: e4ea290a-37d1-49e8-a9f2-40231760ae38, Getting environments for user: RDK006"
"2026-02-09T07:42:38.121971600Z","108da24b","INFO","CollectionsController.getCollectionsList","Request ID: c54b6ed5-ff34-4a5f-8a42-a3e3b37cd6de, Getting collections list for user: RDK006"
"2026-02-09T07:42:38.124970Z","2ba2557e","INFO","CollectionsService.getCollectionsList","Request ID: c54b6ed5-ff34-4a5f-8a42-a3e3b37cd6de, Getting collections list for user: RDK006"
"2026-02-09T07:42:38.124970Z","daa3e946","INFO","CollectionsController.getEnvironments","Request ID: e4ea290a-37d1-49e8-a9f2-40231760ae38, Environments retrieved successfully"
"2026-02-09T07:42:38.127485900Z","5d5206f5","INFO","CollectionsController.getCollectionsList","Request ID: c54b6ed5-ff34-4a5f-8a42-a3e3b37cd6de, Collections list retrieved successfully"
"2026-02-09T07:42:38.139779500Z","f15dee81","INFO","CollectionsController.getCollectionDetails","Request ID: 26ffee3b-81bd-46d8-a8a0-e30139654dfb, Getting collection details for: col-1"
"2026-02-09T07:42:38.139779500Z","3efb11aa","INFO","CollectionsController.getCollectionDetails","Request ID: 855c1f91-e986-462d-8f36-a6472ede374a, Getting collection details for: col-2"
"2026-02-09T07:42:38.139779500Z","cb558ac9","INFO","CollectionsController.getCollectionDetails","Request ID: 855c1f91-e986-462d-8f36-a6472ede374a, Collection details retrieved successfully"
"2026-02-09T07:42:38.139779500Z","80d88d82","INFO","CollectionsController.getCollectionDetails","Request ID: 26ffee3b-81bd-46d8-a8a0-e30139654dfb, Collection details retrieved successfully"
"2026-02-09T07:42:38.156111700Z","f8bc67ba","INFO","CollectionsController.getRequestDetails","Request ID: 8f70beba-40a4-476b-ada4-57b6b2710c59, Getting request details for: req-1"
"2026-02-09T07:42:38.156111700Z","0851cf87","INFO","CollectionsController.getRequestDetails","Request ID: 8f70beba-40a4-476b-ada4-57b6b2710c59, Request details retrieved successfully"
"2026-02-09T07:42:38.156111700Z","e3d92452","INFO","CollectionsController.generateCodeSnippet","Request ID: 70fb99e6-e766-4f57-b247-ff5214ce36dd, Generating code snippet for language: curl"
"2026-02-09T07:42:38.172831100Z","21ebcca0","INFO","CollectionsController.generateCodeSnippet","Request ID: 70fb99e6-e766-4f57-b247-ff5214ce36dd, Code snippet generated successfully"
"2026-02-09T07:42:42.146051600Z","bd447b1d","INFO","CollectionsController.getRequestDetails","Request ID: a3b39b89-0c84-4ca6-aea6-7acb74012c4a, Getting request details for: req-2"
"2026-02-09T07:42:42.151669300Z","57ea1529","INFO","CollectionsController.getRequestDetails","Request ID: a3b39b89-0c84-4ca6-aea6-7acb74012c4a, Request details retrieved successfully"
"2026-02-09T07:42:42.151669300Z","a87e2385","INFO","CollectionsController.generateCodeSnippet","Request ID: 750a8807-83d0-4fe1-abf7-3f7176998e81, Generating code snippet for language: curl"
"2026-02-09T07:42:42.155084Z","c8c8222d","INFO","CollectionsController.generateCodeSnippet","Request ID: 750a8807-83d0-4fe1-abf7-3f7176998e81, Code snippet generated successfully"
"2026-02-09T07:42:43.222987200Z","034a627a","INFO","CollectionsController.getRequestDetails","Request ID: f57142aa-bbea-4e3c-ba77-08834965ac4b, Getting request details for: req-1"
"2026-02-09T07:42:43.222987200Z","760b0f09","INFO","CollectionsController.getRequestDetails","Request ID: f57142aa-bbea-4e3c-ba77-08834965ac4b, Request details retrieved successfully"
"2026-02-09T07:42:43.222987200Z","79a894e5","INFO","CollectionsController.generateCodeSnippet","Request ID: 3d4c019c-145c-4f6e-9d7b-cbf4936b26d4, Generating code snippet for language: curl"
"2026-02-09T07:42:43.236159900Z","888d9cca","INFO","CollectionsController.generateCodeSnippet","Request ID: 3d4c019c-145c-4f6e-9d7b-cbf4936b26d4, Code snippet generated successfully"
"2026-02-09T07:42:44.883362500Z","4b054667","INFO","CollectionsController.getRequestDetails","Request ID: 51aaae71-0959-4d64-80a8-5fdc30e7c0c8, Getting request details for: req-2"
"2026-02-09T07:42:44.887212400Z","1ad5c34a","INFO","CollectionsController.getRequestDetails","Request ID: 51aaae71-0959-4d64-80a8-5fdc30e7c0c8, Request details retrieved successfully"
"2026-02-09T07:42:44.887212400Z","d475f3ae","INFO","CollectionsController.generateCodeSnippet","Request ID: e9e29b2c-f09d-4786-857e-3102dda7d686, Generating code snippet for language: curl"
"2026-02-09T07:42:44.894117200Z","2e3dc755","INFO","CollectionsController.generateCodeSnippet","Request ID: e9e29b2c-f09d-4786-857e-3102dda7d686, Code snippet generated successfully"
"2026-02-09T07:42:45.422546500Z","0e34ae4d","INFO","CollectionsController.getRequestDetails","Request ID: d0fce2ed-9122-4072-9cdd-20d084bb8d62, Getting request details for: req-1"
"2026-02-09T07:42:45.422546500Z","6001a602","INFO","CollectionsController.getRequestDetails","Request ID: d0fce2ed-9122-4072-9cdd-20d084bb8d62, Request details retrieved successfully"
"2026-02-09T07:42:45.433804100Z","7ee2b3d4","INFO","CollectionsController.generateCodeSnippet","Request ID: d2aaa8d0-46d4-49b5-be50-c27e5fdad86e, Generating code snippet for language: curl"
"2026-02-09T07:42:45.437559300Z","166a5b23","INFO","CollectionsController.generateCodeSnippet","Request ID: d2aaa8d0-46d4-49b5-be50-c27e5fdad86e, Code snippet generated successfully"
"2026-02-09T07:42:53.506481Z","d91e5f5c","INFO","CollectionsController.getRequestDetails","Request ID: 9785b46b-ca38-46a9-b9d7-bf69faa477fb, Getting request details for: req-2"
"2026-02-09T07:42:53.509481200Z","1defe23b","INFO","CollectionsController.getRequestDetails","Request ID: 9785b46b-ca38-46a9-b9d7-bf69faa477fb, Request details retrieved successfully"
"2026-02-09T07:42:53.511138100Z","56520f58","INFO","CollectionsController.generateCodeSnippet","Request ID: 660c6dd0-00cf-430f-abce-0af6db2452a5, Generating code snippet for language: curl"
"2026-02-09T07:42:53.516853300Z","f4c296f5","INFO","CollectionsController.generateCodeSnippet","Request ID: 660c6dd0-00cf-430f-abce-0af6db2452a5, Code snippet generated successfully"
"2026-02-09T07:42:58.311427400Z","ab937bf7","INFO","CollectionsController.getEnvironments","Request ID: 736b8875-256b-42c0-ba34-304b930f01ae, Getting environments for user: RDK006"
"2026-02-09T07:42:58.311427400Z","2d31cc2f","INFO","CollectionsController.getCollectionsList","Request ID: fbc46e60-c13f-4c46-833a-9f27213ff0bd, Getting collections list for user: RDK006"
"2026-02-09T07:42:58.315548200Z","9a988a62","INFO","CollectionsService.getCollectionsList","Request ID: fbc46e60-c13f-4c46-833a-9f27213ff0bd, Getting collections list for user: RDK006"
"2026-02-09T07:42:58.315548200Z","42ab5a43","INFO","CollectionsController.getEnvironments","Request ID: 736b8875-256b-42c0-ba34-304b930f01ae, Environments retrieved successfully"
"2026-02-09T07:42:58.317993100Z","347a9f3a","INFO","CollectionsController.getCollectionsList","Request ID: fbc46e60-c13f-4c46-833a-9f27213ff0bd, Collections list retrieved successfully"
"2026-02-09T07:42:58.327233500Z","e0765bf7","INFO","CollectionsController.getCollectionDetails","Request ID: 8ae911ca-8468-46a3-9bc8-c69445cd0224, Getting collection details for: col-1"
"2026-02-09T07:42:58.327233500Z","50b1b41d","INFO","CollectionsController.getCollectionDetails","Request ID: f6c9e400-cb35-4e7c-920e-db2ff08d2862, Getting collection details for: col-2"
"2026-02-09T07:42:58.327233500Z","28cefbbf","INFO","CollectionsController.getCollectionDetails","Request ID: 8ae911ca-8468-46a3-9bc8-c69445cd0224, Collection details retrieved successfully"
"2026-02-09T07:42:58.327233500Z","7ab0be0d","INFO","CollectionsController.getCollectionDetails","Request ID: f6c9e400-cb35-4e7c-920e-db2ff08d2862, Collection details retrieved successfully"
"2026-02-09T07:42:58.340098300Z","b802c050","INFO","CollectionsController.getRequestDetails","Request ID: 8dade522-a0fb-4169-a511-fabbc709f214, Getting request details for: req-1"
"2026-02-09T07:42:58.340098300Z","b57643cd","INFO","CollectionsController.getRequestDetails","Request ID: 8dade522-a0fb-4169-a511-fabbc709f214, Request details retrieved successfully"
"2026-02-09T07:42:58.340098300Z","ca86367a","INFO","CollectionsController.generateCodeSnippet","Request ID: cba9956f-6e4b-49ff-a4d9-1f20a2d7ffd5, Generating code snippet for language: curl"
"2026-02-09T07:42:58.349669700Z","d0a5449a","INFO","CollectionsController.generateCodeSnippet","Request ID: cba9956f-6e4b-49ff-a4d9-1f20a2d7ffd5, Code snippet generated successfully"
"2026-02-09T07:43:05.236080900Z","1fb4f5b2","INFO","CollectionsController.getRequestDetails","Request ID: 16b03fef-ea98-41fe-b782-360fd2e7ed1a, Getting request details for: req-2"
"2026-02-09T07:43:05.240479800Z","2737f10e","INFO","CollectionsController.getRequestDetails","Request ID: 16b03fef-ea98-41fe-b782-360fd2e7ed1a, Request details retrieved successfully"
"2026-02-09T07:43:05.241006Z","d05feb62","INFO","CollectionsController.generateCodeSnippet","Request ID: 6e71d128-d1da-40dc-a300-73c645e90958, Generating code snippet for language: curl"
"2026-02-09T07:43:05.241006Z","bde0c1bd","INFO","CollectionsController.generateCodeSnippet","Request ID: 6e71d128-d1da-40dc-a300-73c645e90958, Code snippet generated successfully"
"2026-02-09T07:43:05.904846500Z","f960cf39","INFO","CollectionsController.getRequestDetails","Request ID: a1c845ff-8b07-4aa4-89b5-1441c9564d8c, Getting request details for: req-1"
"2026-02-09T07:43:05.904846500Z","ecdff8c2","INFO","CollectionsController.getRequestDetails","Request ID: a1c845ff-8b07-4aa4-89b5-1441c9564d8c, Request details retrieved successfully"
"2026-02-09T07:43:05.904846500Z","a9c81b63","INFO","CollectionsController.generateCodeSnippet","Request ID: 3c29dcb6-dcd9-40fe-8037-0502e75fb924, Generating code snippet for language: curl"
"2026-02-09T07:43:05.904846500Z","3f96bdc4","INFO","CollectionsController.generateCodeSnippet","Request ID: 3c29dcb6-dcd9-40fe-8037-0502e75fb924, Code snippet generated successfully"
"2026-02-09T07:43:52.016066500Z","610fa5f4","INFO","CollectionsController.getEnvironments","Request ID: 4023c32d-8dc3-4b66-a813-9c26df8ba404, Getting environments for user: RDK006"
"2026-02-09T07:43:52.016066500Z","781e2a6c","INFO","CollectionsController.getCollectionsList","Request ID: 3aff71c4-c689-409e-bdb3-36d060a6183f, Getting collections list for user: RDK006"
"2026-02-09T07:43:52.019095800Z","ffb7420b","INFO","CollectionsController.getEnvironments","Request ID: 4023c32d-8dc3-4b66-a813-9c26df8ba404, Environments retrieved successfully"
"2026-02-09T07:43:52.019095800Z","c4e92895","INFO","CollectionsService.getCollectionsList","Request ID: 3aff71c4-c689-409e-bdb3-36d060a6183f, Getting collections list for user: RDK006"
"2026-02-09T07:43:52.021093700Z","a5d7327f","INFO","CollectionsController.getCollectionsList","Request ID: 3aff71c4-c689-409e-bdb3-36d060a6183f, Collections list retrieved successfully"
"2026-02-09T07:43:52.031647300Z","59b5a882","INFO","CollectionsController.getCollectionDetails","Request ID: c9fd1d8c-154a-4840-a537-c8e70c10919d, Getting collection details for: col-1"
"2026-02-09T07:43:52.031647300Z","cc66c505","INFO","CollectionsController.getCollectionDetails","Request ID: 60c7e8e8-0f87-4ae0-bc84-145fd46b30ce, Getting collection details for: col-2"
"2026-02-09T07:43:52.037151800Z","8aa0bc0e","INFO","CollectionsController.getCollectionDetails","Request ID: c9fd1d8c-154a-4840-a537-c8e70c10919d, Collection details retrieved successfully"
"2026-02-09T07:43:52.037151800Z","69b137d2","INFO","CollectionsController.getCollectionDetails","Request ID: 60c7e8e8-0f87-4ae0-bc84-145fd46b30ce, Collection details retrieved successfully"
"2026-02-09T07:43:52.045295400Z","6783465a","INFO","CollectionsController.getRequestDetails","Request ID: 63341687-924a-47d8-ac64-5dc29a9e92f4, Getting request details for: req-1"
"2026-02-09T07:43:52.045295400Z","67b9bf3a","INFO","CollectionsController.getRequestDetails","Request ID: 63341687-924a-47d8-ac64-5dc29a9e92f4, Request details retrieved successfully"
"2026-02-09T07:43:52.063333400Z","f2331ae4","INFO","CollectionsController.generateCodeSnippet","Request ID: 3aaea60d-799d-4ff2-9ba5-3a73a5425d6b, Generating code snippet for language: curl"
"2026-02-09T07:43:52.070443900Z","518d21f6","INFO","CollectionsController.generateCodeSnippet","Request ID: 3aaea60d-799d-4ff2-9ba5-3a73a5425d6b, Code snippet generated successfully"
"2026-02-09T07:44:48.624702800Z","d0248eae","INFO","CollectionsController.getCollectionsList","Request ID: d2e03c15-5ee1-4620-af1c-f7041b621d4c, Getting collections list for user: RDK006"
"2026-02-09T07:44:48.624702800Z","adfc3842","INFO","CollectionsController.getEnvironments","Request ID: cb63d85a-8ae4-4109-8ed2-aba285ee0886, Getting environments for user: RDK006"
"2026-02-09T07:44:48.628704Z","d088d865","INFO","CollectionsController.getEnvironments","Request ID: cb63d85a-8ae4-4109-8ed2-aba285ee0886, Environments retrieved successfully"
"2026-02-09T07:44:48.630067400Z","921e2ca2","INFO","CollectionsService.getCollectionsList","Request ID: d2e03c15-5ee1-4620-af1c-f7041b621d4c, Getting collections list for user: RDK006"
"2026-02-09T07:44:48.636721Z","91fb81bb","INFO","CollectionsController.getCollectionsList","Request ID: d2e03c15-5ee1-4620-af1c-f7041b621d4c, Collections list retrieved successfully"
"2026-02-09T07:44:48.657621700Z","5fa72efc","INFO","CollectionsController.getCollectionDetails","Request ID: 6628f42e-bc85-4d3b-8012-ee1f679763fd, Getting collection details for: col-2"
"2026-02-09T07:44:48.657621700Z","effc198b","INFO","CollectionsController.getCollectionDetails","Request ID: f2073faf-7af9-4345-8b2d-808b43325fb1, Getting collection details for: col-1"
"2026-02-09T07:44:48.669471100Z","0301e486","INFO","CollectionsController.getCollectionDetails","Request ID: 6628f42e-bc85-4d3b-8012-ee1f679763fd, Collection details retrieved successfully"
"2026-02-09T07:44:48.669471100Z","e988d57a","INFO","CollectionsController.getCollectionDetails","Request ID: f2073faf-7af9-4345-8b2d-808b43325fb1, Collection details retrieved successfully"
"2026-02-09T07:44:48.679939500Z","cd790b2c","INFO","CollectionsController.getRequestDetails","Request ID: e4609bff-8fce-4cba-83e7-0d430201f09c, Getting request details for: req-1"
"2026-02-09T07:44:48.683455700Z","870d74c7","INFO","CollectionsController.getRequestDetails","Request ID: e4609bff-8fce-4cba-83e7-0d430201f09c, Request details retrieved successfully"
"2026-02-09T07:44:48.686750Z","c4a968a6","INFO","CollectionsController.generateCodeSnippet","Request ID: 74e94f8c-1528-449d-9a51-7e93f0d69afd, Generating code snippet for language: curl"
"2026-02-09T07:44:48.691203300Z","768aa901","INFO","CollectionsController.generateCodeSnippet","Request ID: 74e94f8c-1528-449d-9a51-7e93f0d69afd, Code snippet generated successfully"
"2026-02-09T07:45:33.287039900Z","719c9f84","INFO","CollectionsController.getCollectionsList","Request ID: 13801b3e-6744-47a6-8416-383b44b7d9f1, Getting collections list for user: RDK006"
"2026-02-09T07:45:33.288041600Z","bf94c3ba","INFO","CollectionsController.getEnvironments","Request ID: 2cb5740e-1687-492c-906a-db3f63e4474a, Getting environments for user: RDK006"
"2026-02-09T07:45:33.291498500Z","9dfaa618","INFO","CollectionsService.getCollectionsList","Request ID: 13801b3e-6744-47a6-8416-383b44b7d9f1, Getting collections list for user: RDK006"
"2026-02-09T07:45:33.292501500Z","7c9279d6","INFO","CollectionsController.getEnvironments","Request ID: 2cb5740e-1687-492c-906a-db3f63e4474a, Environments retrieved successfully"
"2026-02-09T07:45:33.294496200Z","87566833","INFO","CollectionsController.getCollectionsList","Request ID: 13801b3e-6744-47a6-8416-383b44b7d9f1, Collections list retrieved successfully"
"2026-02-09T07:45:33.325174300Z","61d236bd","INFO","CollectionsController.getCollectionDetails","Request ID: 40248bb8-5bd4-4ca0-8a02-bb1a3d391802, Getting collection details for: col-2"
"2026-02-09T07:45:33.325174300Z","bc7e37cb","INFO","CollectionsController.getCollectionDetails","Request ID: 8fbd5338-c02b-4b1c-b163-11a8fb7ac90d, Getting collection details for: col-1"
"2026-02-09T07:45:33.329282300Z","32b882e9","INFO","CollectionsController.getCollectionDetails","Request ID: 8fbd5338-c02b-4b1c-b163-11a8fb7ac90d, Collection details retrieved successfully"
"2026-02-09T07:45:33.328176400Z","8b1e932f","INFO","CollectionsController.getCollectionDetails","Request ID: 40248bb8-5bd4-4ca0-8a02-bb1a3d391802, Collection details retrieved successfully"
"2026-02-09T07:45:33.357447Z","0ebbdd4d","INFO","CollectionsController.getRequestDetails","Request ID: 84490f01-6580-4826-b701-3791568a6924, Getting request details for: req-1"
"2026-02-09T07:45:33.360140400Z","b630efc4","INFO","CollectionsController.getRequestDetails","Request ID: 84490f01-6580-4826-b701-3791568a6924, Request details retrieved successfully"
"2026-02-09T07:45:33.366388800Z","17421f15","INFO","CollectionsController.generateCodeSnippet","Request ID: 111b6fe3-5b27-4bf7-b8c6-2a84bdc83726, Generating code snippet for language: curl"
"2026-02-09T07:45:33.370658200Z","fea15b8f","INFO","CollectionsController.generateCodeSnippet","Request ID: 111b6fe3-5b27-4bf7-b8c6-2a84bdc83726, Code snippet generated successfully"
"2026-02-09T07:47:10.154075Z","761720a5","INFO","CollectionsController.getEnvironments","Request ID: 5adeede5-e36b-4704-b049-df954331aa7f, Getting environments for user: RDK006"
"2026-02-09T07:47:10.154075Z","f6b17b52","INFO","CollectionsController.getCollectionsList","Request ID: 76fd7c36-a3b9-4a75-84c2-05c9b8f5a95e, Getting collections list for user: RDK006"
"2026-02-09T07:47:10.157073300Z","23e8990e","INFO","CollectionsService.getCollectionsList","Request ID: 76fd7c36-a3b9-4a75-84c2-05c9b8f5a95e, Getting collections list for user: RDK006"
"2026-02-09T07:47:10.157073300Z","466b4488","INFO","CollectionsController.getEnvironments","Request ID: 5adeede5-e36b-4704-b049-df954331aa7f, Environments retrieved successfully"
"2026-02-09T07:47:10.159072800Z","a48b6c98","INFO","CollectionsController.getCollectionsList","Request ID: 76fd7c36-a3b9-4a75-84c2-05c9b8f5a95e, Collections list retrieved successfully"
"2026-02-09T07:47:10.167189900Z","fd2cb262","INFO","CollectionsController.getCollectionDetails","Request ID: 8e91ab62-c3c9-45c2-a09c-f2df67220d11, Getting collection details for: col-2"
"2026-02-09T07:47:10.167189900Z","e570073a","INFO","CollectionsController.getCollectionDetails","Request ID: f008c7f3-0f24-464a-a44c-cd3d234a61a2, Getting collection details for: col-1"
"2026-02-09T07:47:10.175175600Z","4de6dd29","INFO","CollectionsController.getCollectionDetails","Request ID: f008c7f3-0f24-464a-a44c-cd3d234a61a2, Collection details retrieved successfully"
"2026-02-09T07:47:10.176039900Z","ff125f3c","INFO","CollectionsController.getCollectionDetails","Request ID: 8e91ab62-c3c9-45c2-a09c-f2df67220d11, Collection details retrieved successfully"
"2026-02-09T07:47:10.179672900Z","5328cf2c","INFO","CollectionsController.getRequestDetails","Request ID: 77228c14-1de0-4b2c-bb1d-03d8c29175e9, Getting request details for: req-1"
"2026-02-09T07:47:10.179672900Z","502b52b9","INFO","CollectionsController.getRequestDetails","Request ID: 77228c14-1de0-4b2c-bb1d-03d8c29175e9, Request details retrieved successfully"
"2026-02-09T07:47:10.191811100Z","9d0fc114","INFO","CollectionsController.generateCodeSnippet","Request ID: c2f07a63-3360-41d0-a9b8-54df925175c7, Generating code snippet for language: curl"
"2026-02-09T07:47:10.191811100Z","27fdbfe2","INFO","CollectionsController.generateCodeSnippet","Request ID: c2f07a63-3360-41d0-a9b8-54df925175c7, Code snippet generated successfully"
"2026-02-09T07:47:26.424456500Z","6382ada3","INFO","CollectionsController.getRequestDetails","Request ID: 8f0f70e8-e3e0-4da5-81b1-9454e767f21e, Getting request details for: req-1"
"2026-02-09T07:47:26.428458300Z","ca525295","INFO","CollectionsController.getRequestDetails","Request ID: 8f0f70e8-e3e0-4da5-81b1-9454e767f21e, Request details retrieved successfully"
"2026-02-09T07:47:26.430455700Z","96379115","INFO","CollectionsController.generateCodeSnippet","Request ID: d1d1ed04-799d-423d-bfd3-631b6443e582, Generating code snippet for language: curl"
"2026-02-09T07:47:26.435680900Z","1fbf9019","INFO","CollectionsController.generateCodeSnippet","Request ID: d1d1ed04-799d-423d-bfd3-631b6443e582, Code snippet generated successfully"
"2026-02-09T07:47:41.025100300Z","9c7736fb","INFO","CollectionsController.getEnvironments","Request ID: 88606f4d-e8c2-4f97-ab49-e13a62dbc2d9, Getting environments for user: RDK006"
"2026-02-09T07:47:41.025100300Z","091777f4","INFO","CollectionsController.getCollectionsList","Request ID: 1b391932-28a6-431a-92ed-1793d0f0e61e, Getting collections list for user: RDK006"
"2026-02-09T07:47:41.028096300Z","9626d0a7","INFO","CollectionsService.getCollectionsList","Request ID: 1b391932-28a6-431a-92ed-1793d0f0e61e, Getting collections list for user: RDK006"
"2026-02-09T07:47:41.028096300Z","57641c95","INFO","CollectionsController.getEnvironments","Request ID: 88606f4d-e8c2-4f97-ab49-e13a62dbc2d9, Environments retrieved successfully"
"2026-02-09T07:47:41.031556700Z","d847f0ac","INFO","CollectionsController.getCollectionsList","Request ID: 1b391932-28a6-431a-92ed-1793d0f0e61e, Collections list retrieved successfully"
"2026-02-09T07:47:41.043527500Z","1427d1ce","INFO","CollectionsController.getCollectionDetails","Request ID: e64bb50f-ae03-4f45-b2d6-f438c2fdcb0b, Getting collection details for: col-1"
"2026-02-09T07:47:41.043527500Z","75725d87","INFO","CollectionsController.getCollectionDetails","Request ID: 1145142e-911e-462d-b7c7-c444fe3b7aba, Getting collection details for: col-2"
"2026-02-09T07:47:41.046847900Z","ced4d396","INFO","CollectionsController.getCollectionDetails","Request ID: e64bb50f-ae03-4f45-b2d6-f438c2fdcb0b, Collection details retrieved successfully"
"2026-02-09T07:47:41.046847900Z","01ccce45","INFO","CollectionsController.getCollectionDetails","Request ID: 1145142e-911e-462d-b7c7-c444fe3b7aba, Collection details retrieved successfully"
"2026-02-09T07:47:41.056915700Z","43a91768","INFO","CollectionsController.getRequestDetails","Request ID: 2b2ca16b-dcc8-4c47-9b94-afc8fc2010dc, Getting request details for: req-1"
"2026-02-09T07:47:41.056915700Z","a8d1d8ca","INFO","CollectionsController.getRequestDetails","Request ID: 2b2ca16b-dcc8-4c47-9b94-afc8fc2010dc, Request details retrieved successfully"
"2026-02-09T07:47:41.070154Z","39865940","INFO","CollectionsController.generateCodeSnippet","Request ID: 84cd15aa-4885-4e58-bd8c-f112e23ed8ad, Generating code snippet for language: curl"
"2026-02-09T07:47:41.072164300Z","9cb9299c","INFO","CollectionsController.generateCodeSnippet","Request ID: 84cd15aa-4885-4e58-bd8c-f112e23ed8ad, Code snippet generated successfully"
"2026-02-09T07:48:53.795356700Z","4dfb26e5","INFO","CollectionsController.getEnvironments","Request ID: 909b6767-49e0-42b6-87ce-adec0e2ea9f1, Getting environments for user: RDK006"
"2026-02-09T07:48:53.795356700Z","e413198d","INFO","CollectionsController.getCollectionsList","Request ID: e9bc9f25-6b06-4799-9853-9bcaa6790cf6, Getting collections list for user: RDK006"
"2026-02-09T07:48:53.798355800Z","1045de84","INFO","CollectionsController.getEnvironments","Request ID: 909b6767-49e0-42b6-87ce-adec0e2ea9f1, Environments retrieved successfully"
"2026-02-09T07:48:53.798355800Z","71075228","INFO","CollectionsService.getCollectionsList","Request ID: e9bc9f25-6b06-4799-9853-9bcaa6790cf6, Getting collections list for user: RDK006"
"2026-02-09T07:48:53.801013500Z","21315f27","INFO","CollectionsController.getCollectionsList","Request ID: e9bc9f25-6b06-4799-9853-9bcaa6790cf6, Collections list retrieved successfully"
"2026-02-09T07:48:53.805336400Z","530ccae1","INFO","CollectionsController.getCollectionDetails","Request ID: b2fb0fc2-9d97-4a33-9ef4-4d63b0cfc144, Getting collection details for: col-2"
"2026-02-09T07:48:53.805336400Z","14a0c6f8","INFO","CollectionsController.getCollectionDetails","Request ID: 585e1785-ab50-40c6-a14e-6d3cb036d1ef, Getting collection details for: col-1"
"2026-02-09T07:48:53.805336400Z","0a9b4d24","INFO","CollectionsController.getCollectionDetails","Request ID: b2fb0fc2-9d97-4a33-9ef4-4d63b0cfc144, Collection details retrieved successfully"
"2026-02-09T07:48:53.805336400Z","b250022d","INFO","CollectionsController.getCollectionDetails","Request ID: 585e1785-ab50-40c6-a14e-6d3cb036d1ef, Collection details retrieved successfully"
"2026-02-09T07:48:53.823714Z","92d0d97a","INFO","CollectionsController.getRequestDetails","Request ID: 38250433-110d-4fd3-9b68-1f0c4ab9c261, Getting request details for: req-1"
"2026-02-09T07:48:53.823714Z","728d3562","INFO","CollectionsController.getRequestDetails","Request ID: 38250433-110d-4fd3-9b68-1f0c4ab9c261, Request details retrieved successfully"
"2026-02-09T07:48:53.836332200Z","7b6af86f","INFO","CollectionsController.generateCodeSnippet","Request ID: 18cc19a0-a70e-47ca-9dfa-1cde0cfd0f82, Generating code snippet for language: curl"
"2026-02-09T07:48:53.836332200Z","6515dad9","INFO","CollectionsController.generateCodeSnippet","Request ID: 18cc19a0-a70e-47ca-9dfa-1cde0cfd0f82, Code snippet generated successfully"
"2026-02-09T07:49:50.142459300Z","769e8f4e","INFO","CollectionsController.getEnvironments","Request ID: cc06d570-0ea4-4bc4-8833-6b29c6d0b02d, Getting environments for user: RDK006"
"2026-02-09T07:49:50.142459300Z","1bc55466","INFO","CollectionsController.getCollectionsList","Request ID: 45f12aa1-b81d-4c85-a08c-241ed07ba114, Getting collections list for user: RDK006"
"2026-02-09T07:49:50.145966600Z","9abbd167","INFO","CollectionsService.getCollectionsList","Request ID: 45f12aa1-b81d-4c85-a08c-241ed07ba114, Getting collections list for user: RDK006"
"2026-02-09T07:49:50.145966600Z","89bfb99c","INFO","CollectionsController.getEnvironments","Request ID: cc06d570-0ea4-4bc4-8833-6b29c6d0b02d, Environments retrieved successfully"
"2026-02-09T07:49:50.148978300Z","ad0ed1ea","INFO","CollectionsController.getCollectionsList","Request ID: 45f12aa1-b81d-4c85-a08c-241ed07ba114, Collections list retrieved successfully"
"2026-02-09T07:49:50.163194200Z","2f0672e4","INFO","CollectionsController.getCollectionDetails","Request ID: 8c5b2611-965a-4003-8afc-917976a2c925, Getting collection details for: col-2"
"2026-02-09T07:49:50.163194200Z","9dfbd1fa","INFO","CollectionsController.getCollectionDetails","Request ID: c8c20542-691b-437c-9bec-badf67a1465c, Getting collection details for: col-1"
"2026-02-09T07:49:50.166397800Z","986b6171","INFO","CollectionsController.getCollectionDetails","Request ID: c8c20542-691b-437c-9bec-badf67a1465c, Collection details retrieved successfully"
"2026-02-09T07:49:50.166880Z","5c2e64db","INFO","CollectionsController.getCollectionDetails","Request ID: 8c5b2611-965a-4003-8afc-917976a2c925, Collection details retrieved successfully"
"2026-02-09T07:49:50.166880Z","967b195c","INFO","CollectionsController.getRequestDetails","Request ID: f92191d7-f792-40d0-9fc0-7a7bd226bf09, Getting request details for: req-1"
"2026-02-09T07:49:50.166880Z","ac3502cf","INFO","CollectionsController.getRequestDetails","Request ID: f92191d7-f792-40d0-9fc0-7a7bd226bf09, Request details retrieved successfully"
"2026-02-09T07:49:50.166880Z","9404667e","INFO","CollectionsController.generateCodeSnippet","Request ID: 8bf0e363-3fe2-4926-902f-dc723602fb62, Generating code snippet for language: curl"
"2026-02-09T07:49:50.183417300Z","023205d4","INFO","CollectionsController.generateCodeSnippet","Request ID: 8bf0e363-3fe2-4926-902f-dc723602fb62, Code snippet generated successfully"
"2026-02-09T07:49:53.167159400Z","46382566","INFO","CollectionsController.clearCollectionsCache","Request ID: a1eacdde-643a-4c6c-90e8-179d3e43bd94, Clearing collections cache for user: RDK006"
"2026-02-09T07:49:53.173261Z","f63d9ed9","INFO","CollectionsService.clearCollectionsCache","Request ID: a1eacdde-643a-4c6c-90e8-179d3e43bd94, Cleared collections cache for user: RDK006"
"2026-02-09T07:49:53.173261Z","e1108d88","INFO","CollectionsController.clearCollectionsCache","Request ID: a1eacdde-643a-4c6c-90e8-179d3e43bd94, Collections cache cleared successfully"
"2026-02-09T07:49:53.183935400Z","d288be82","INFO","CollectionsController.getCollectionsList","Request ID: c932eaa8-a92d-4929-9517-f64db85f093b, Getting collections list for user: RDK006"
"2026-02-09T07:49:53.186789Z","77260d3b","INFO","CollectionsService.getCollectionsList","Request ID: c932eaa8-a92d-4929-9517-f64db85f093b, Getting collections list for user: RDK006"
"2026-02-09T07:49:53.186789Z","49e12d4d","INFO","CollectionsController.getCollectionsList","Request ID: c932eaa8-a92d-4929-9517-f64db85f093b, Collections list retrieved successfully"
"2026-02-09T07:49:53.186789Z","109a162a","INFO","CollectionsController.getCollectionDetails","Request ID: 1632f600-ad6a-4c7c-9e4c-f10b89920208, Getting collection details for: col-1"
"2026-02-09T07:49:53.186789Z","f1ec911c","INFO","CollectionsController.getCollectionDetails","Request ID: 376d43a1-dc59-4677-8471-b2e600367d93, Getting collection details for: col-2"
"2026-02-09T07:49:53.199551300Z","2dd44282","INFO","CollectionsController.getCollectionDetails","Request ID: 1632f600-ad6a-4c7c-9e4c-f10b89920208, Collection details retrieved successfully"
"2026-02-09T07:49:53.200914400Z","075a5109","INFO","CollectionsController.getCollectionDetails","Request ID: 376d43a1-dc59-4677-8471-b2e600367d93, Collection details retrieved successfully"
"2026-02-09T07:49:53.209179Z","8138c386","INFO","CollectionsController.getEnvironments","Request ID: 1891ea3a-0736-4e04-b49d-f6060fade27a, Getting environments for user: RDK006"
"2026-02-09T07:49:53.212997Z","0e9fa17f","INFO","CollectionsController.getEnvironments","Request ID: 1891ea3a-0736-4e04-b49d-f6060fade27a, Environments retrieved successfully"
"2026-02-09T07:49:53.930656600Z","278f2852","INFO","CollectionsController.clearCollectionsCache","Request ID: db7bd0fe-7e2f-42ad-9744-ad56814efd2c, Clearing collections cache for user: RDK006"
"2026-02-09T07:49:53.934756800Z","021bf0c0","INFO","CollectionsService.clearCollectionsCache","Request ID: db7bd0fe-7e2f-42ad-9744-ad56814efd2c, Cleared collections cache for user: RDK006"
"2026-02-09T07:49:53.935858300Z","9f6afd80","INFO","CollectionsController.clearCollectionsCache","Request ID: db7bd0fe-7e2f-42ad-9744-ad56814efd2c, Collections cache cleared successfully"
"2026-02-09T07:49:53.944546700Z","1916d9d4","INFO","CollectionsController.getCollectionsList","Request ID: cbd95a6c-065f-41a6-ac41-acb2b0a0ee6b, Getting collections list for user: RDK006"
"2026-02-09T07:49:53.944855400Z","4f15fe4b","INFO","CollectionsService.getCollectionsList","Request ID: cbd95a6c-065f-41a6-ac41-acb2b0a0ee6b, Getting collections list for user: RDK006"
"2026-02-09T07:49:53.949753900Z","7d8ec814","INFO","CollectionsController.getCollectionsList","Request ID: cbd95a6c-065f-41a6-ac41-acb2b0a0ee6b, Collections list retrieved successfully"
"2026-02-09T07:49:53.954488700Z","664cca02","INFO","CollectionsController.getCollectionDetails","Request ID: cc1a86a7-8006-4954-8bd5-14f376267c87, Getting collection details for: col-2"
"2026-02-09T07:49:53.954488700Z","798bf73a","INFO","CollectionsController.getCollectionDetails","Request ID: 59883410-d668-4952-aa42-6bb0954a9f17, Getting collection details for: col-1"
"2026-02-09T07:49:53.954488700Z","ac5a0010","INFO","CollectionsController.getCollectionDetails","Request ID: cc1a86a7-8006-4954-8bd5-14f376267c87, Collection details retrieved successfully"
"2026-02-09T07:49:53.954488700Z","b563f3f9","INFO","CollectionsController.getCollectionDetails","Request ID: 59883410-d668-4952-aa42-6bb0954a9f17, Collection details retrieved successfully"
"2026-02-09T07:49:53.968181800Z","4390942d","INFO","CollectionsController.getEnvironments","Request ID: 2c972173-0991-4b40-a7bf-0ad5fd17f1b5, Getting environments for user: RDK006"
"2026-02-09T07:49:53.971180500Z","af33b2d4","INFO","CollectionsController.getEnvironments","Request ID: 2c972173-0991-4b40-a7bf-0ad5fd17f1b5, Environments retrieved successfully"
"2026-02-09T07:51:05.267938400Z","bbe2a327","INFO","CollectionsController.getEnvironments","Request ID: 6e1ecc1f-fd96-4593-8f62-06b2586f0d0d, Getting environments for user: RDK006"
"2026-02-09T07:51:05.267938400Z","7a465ad2","INFO","CollectionsController.getCollectionsList","Request ID: 8193e085-f6a7-4815-85b2-f528737bc951, Getting collections list for user: RDK006"
"2026-02-09T07:51:05.271943600Z","04f605f3","INFO","CollectionsService.getCollectionsList","Request ID: 8193e085-f6a7-4815-85b2-f528737bc951, Getting collections list for user: RDK006"
"2026-02-09T07:51:05.271943600Z","585bb38a","INFO","CollectionsController.getEnvironments","Request ID: 6e1ecc1f-fd96-4593-8f62-06b2586f0d0d, Environments retrieved successfully"
"2026-02-09T07:51:05.274946300Z","418a2aaa","INFO","CollectionsController.getCollectionsList","Request ID: 8193e085-f6a7-4815-85b2-f528737bc951, Collections list retrieved successfully"
"2026-02-09T07:51:05.290128600Z","3b874474","INFO","CollectionsController.getCollectionDetails","Request ID: c5ed6ab2-eb98-48c2-8637-2a8766723489, Getting collection details for: col-2"
"2026-02-09T07:51:05.290128600Z","58ef1f26","INFO","CollectionsController.getCollectionDetails","Request ID: b9760ce3-68ff-4be9-8ae8-c80b3bf810d4, Getting collection details for: col-1"
"2026-02-09T07:51:05.292126200Z","7fd9be21","INFO","CollectionsController.getCollectionDetails","Request ID: c5ed6ab2-eb98-48c2-8637-2a8766723489, Collection details retrieved successfully"
"2026-02-09T07:51:05.292126200Z","00f99d5c","INFO","CollectionsController.getCollectionDetails","Request ID: b9760ce3-68ff-4be9-8ae8-c80b3bf810d4, Collection details retrieved successfully"
"2026-02-09T07:51:05.303950700Z","65e5bb1f","INFO","CollectionsController.getRequestDetails","Request ID: 82f80821-ba07-4d7c-9e25-b4c882aaa668, Getting request details for: req-1"
"2026-02-09T07:51:05.303950700Z","97485cf8","INFO","CollectionsController.getRequestDetails","Request ID: 82f80821-ba07-4d7c-9e25-b4c882aaa668, Request details retrieved successfully"
"2026-02-09T07:51:05.316935Z","d3a91de1","INFO","CollectionsController.generateCodeSnippet","Request ID: 9ce379c3-8c28-4d29-a34e-209aff46f6ac, Generating code snippet for language: curl"
"2026-02-09T07:51:05.318945400Z","09c7a8df","INFO","CollectionsController.generateCodeSnippet","Request ID: 9ce379c3-8c28-4d29-a34e-209aff46f6ac, Code snippet generated successfully"
"2026-02-09T08:30:32.559090200Z","cc656ec6","INFO","CollectionsController.getCollectionsList","Request ID: 554384a3-63bb-4488-a8ab-fb5589012112, Getting collections list for user: RDK006"
"2026-02-09T08:30:32.560090Z","15f26f93","INFO","CollectionsController.getEnvironments","Request ID: f8dc0a03-6b80-4ead-bb2c-b27efe80ee0d, Getting environments for user: RDK006"
"2026-02-09T08:30:32.563665600Z","b17de9dd","INFO","CollectionsService.getCollectionsList","Request ID: 554384a3-63bb-4488-a8ab-fb5589012112, Getting collections list for user: RDK006"
"2026-02-09T08:30:32.564468500Z","cd38dde3","INFO","CollectionsController.getEnvironments","Request ID: f8dc0a03-6b80-4ead-bb2c-b27efe80ee0d, Environments retrieved successfully"
"2026-02-09T08:30:32.564468500Z","5baf03ab","INFO","CollectionsController.getCollectionsList","Request ID: 554384a3-63bb-4488-a8ab-fb5589012112, Collections list retrieved successfully"
"2026-02-09T08:30:32.586380800Z","028d97f5","INFO","CollectionsController.getCollectionDetails","Request ID: e3aa306c-a51a-4e1c-b405-5dd4efaeb1f0, Getting collection details for: col-1"
"2026-02-09T08:30:32.586380800Z","48d1f824","INFO","CollectionsController.getCollectionDetails","Request ID: 090601ac-9fc9-48dd-adb4-9dfa493a6d3f, Getting collection details for: col-2"
"2026-02-09T08:30:32.591247700Z","d91dd0d0","INFO","CollectionsController.getCollectionDetails","Request ID: 090601ac-9fc9-48dd-adb4-9dfa493a6d3f, Collection details retrieved successfully"
"2026-02-09T08:30:32.591247700Z","ef768e4e","INFO","CollectionsController.getCollectionDetails","Request ID: e3aa306c-a51a-4e1c-b405-5dd4efaeb1f0, Collection details retrieved successfully"
"2026-02-09T08:30:32.608718800Z","080a4db4","INFO","CollectionsController.getRequestDetails","Request ID: 850479ab-e74c-4b80-bc82-8b3c9893d51b, Getting request details for: req-1"
"2026-02-09T08:30:32.614831800Z","35f9b314","INFO","CollectionsController.getRequestDetails","Request ID: 850479ab-e74c-4b80-bc82-8b3c9893d51b, Request details retrieved successfully"
"2026-02-09T08:30:32.632525300Z","f4379729","INFO","CollectionsController.generateCodeSnippet","Request ID: 6210cf34-dabc-44b3-88bd-82d944fbc32b, Generating code snippet for language: curl"
"2026-02-09T08:30:32.639174800Z","ab003396","INFO","CollectionsController.generateCodeSnippet","Request ID: 6210cf34-dabc-44b3-88bd-82d944fbc32b, Code snippet generated successfully"
"2026-02-09T09:19:40.588228600Z","15734a37","INFO","CollectionsController.getCollectionsList","Request ID: 2bc336f1-6a7e-4011-b188-d3873a1a20f3, Getting collections list for user: RDK006"
"2026-02-09T09:19:40.590227600Z","25525c30","INFO","CollectionsController.getEnvironments","Request ID: 0c6047fa-076d-4588-a07d-5d016aa8ed47, Getting environments for user: RDK006"
"2026-02-09T09:19:40.593798400Z","bf6d9865","INFO","CollectionsService.getCollectionsList","Request ID: 2bc336f1-6a7e-4011-b188-d3873a1a20f3, Getting collections list for user: RDK006"
"2026-02-09T09:19:40.596010200Z","3f15eb0f","INFO","CollectionsController.getEnvironments","Request ID: 0c6047fa-076d-4588-a07d-5d016aa8ed47, Environments retrieved successfully"
"2026-02-09T09:19:40.597635800Z","f89d3e9b","INFO","CollectionsController.getCollectionsList","Request ID: 2bc336f1-6a7e-4011-b188-d3873a1a20f3, Collections list retrieved successfully"
"2026-02-09T09:19:40.617302900Z","bec92c81","INFO","CollectionsController.getCollectionDetails","Request ID: 695e72af-c59f-4571-be67-b8ef1082dc34, Getting collection details for: col-2"
"2026-02-09T09:19:40.617302900Z","f65c0d6a","INFO","CollectionsController.getCollectionDetails","Request ID: 6a337a1e-c9e2-4d86-9aef-ee9d71e8c5ed, Getting collection details for: col-1"
"2026-02-09T09:19:40.621380100Z","3d7a9da4","INFO","CollectionsController.getCollectionDetails","Request ID: 6a337a1e-c9e2-4d86-9aef-ee9d71e8c5ed, Collection details retrieved successfully"
"2026-02-09T09:19:40.621380100Z","0ff56eb5","INFO","CollectionsController.getCollectionDetails","Request ID: 695e72af-c59f-4571-be67-b8ef1082dc34, Collection details retrieved successfully"
"2026-02-09T09:19:40.634896700Z","77005751","INFO","CollectionsController.getRequestDetails","Request ID: b42d0150-0254-4402-be0e-d7ade168fb2f, Getting request details for: req-1"
"2026-02-09T09:19:40.639087500Z","3251834b","INFO","CollectionsController.getRequestDetails","Request ID: b42d0150-0254-4402-be0e-d7ade168fb2f, Request details retrieved successfully"
"2026-02-09T09:19:40.645802700Z","72adf794","INFO","CollectionsController.generateCodeSnippet","Request ID: 18dd7241-fd88-4b64-8d8e-527b65a540e3, Generating code snippet for language: curl"
"2026-02-09T09:19:40.648602600Z","02f2d410","INFO","CollectionsController.generateCodeSnippet","Request ID: 18dd7241-fd88-4b64-8d8e-527b65a540e3, Code snippet generated successfully"
"2026-02-09T09:19:43.797888700Z","15f0d4d1","INFO","CollectionsController.getCollectionsList","Request ID: 1c43d306-abac-4bf8-ad72-af66d7aabafb, Getting collections list for user: RDK006"
"2026-02-09T09:19:43.797888700Z","53591aab","INFO","CollectionsController.getEnvironments","Request ID: b8c51889-f0a5-4e4f-9062-dbd2506dc5b7, Getting environments for user: RDK006"
"2026-02-09T09:19:43.802887200Z","acc9cd64","INFO","CollectionsController.getEnvironments","Request ID: b8c51889-f0a5-4e4f-9062-dbd2506dc5b7, Environments retrieved successfully"
"2026-02-09T09:19:43.802887200Z","5b23d937","INFO","CollectionsService.getCollectionsList","Request ID: 1c43d306-abac-4bf8-ad72-af66d7aabafb, Getting collections list for user: RDK006"
"2026-02-09T09:19:43.806540Z","72751693","INFO","CollectionsController.getCollectionsList","Request ID: 1c43d306-abac-4bf8-ad72-af66d7aabafb, Collections list retrieved successfully"
"2026-02-09T09:19:43.819534700Z","b0880c6a","INFO","CollectionsController.getCollectionDetails","Request ID: 61dfd50b-7059-44a3-a2f4-21bf257d8f26, Getting collection details for: col-1"
"2026-02-09T09:19:43.819534700Z","69b301c7","INFO","CollectionsController.getCollectionDetails","Request ID: 638e877b-3e79-48d5-a127-ab7437590cb0, Getting collection details for: col-2"
"2026-02-09T09:19:43.823232800Z","6c07a27b","INFO","CollectionsController.getCollectionDetails","Request ID: 61dfd50b-7059-44a3-a2f4-21bf257d8f26, Collection details retrieved successfully"
"2026-02-09T09:19:43.823232800Z","217c0c37","INFO","CollectionsController.getCollectionDetails","Request ID: 638e877b-3e79-48d5-a127-ab7437590cb0, Collection details retrieved successfully"
"2026-02-09T09:19:43.836605800Z","7dff8970","INFO","CollectionsController.getRequestDetails","Request ID: 72a6ec1c-8620-433e-9d0b-e8ad06fdaaca, Getting request details for: req-1"
"2026-02-09T09:19:43.839603400Z","1468b996","INFO","CollectionsController.getRequestDetails","Request ID: 72a6ec1c-8620-433e-9d0b-e8ad06fdaaca, Request details retrieved successfully"
"2026-02-09T09:19:43.841608800Z","5b8d2fc5","INFO","CollectionsController.generateCodeSnippet","Request ID: 4739c69d-c28c-4578-8292-d675975a1ab3, Generating code snippet for language: curl"
"2026-02-09T09:19:43.846684300Z","2ac457d3","INFO","CollectionsController.generateCodeSnippet","Request ID: 4739c69d-c28c-4578-8292-d675975a1ab3, Code snippet generated successfully"
"2026-02-09T09:23:40.589468700Z","414281e6","INFO","CollectionsController.getCollectionsList","Request ID: 26282f6e-a8b4-4055-be30-3b06228041fb, Getting collections list for user: RDK006"
"2026-02-09T09:23:40.589468700Z","4f29147d","INFO","CollectionsController.getEnvironments","Request ID: b9fe0fa6-4eba-423d-956e-f12ef6121de3, Getting environments for user: RDK006"
"2026-02-09T09:23:40.593463200Z","9f2d9f9c","INFO","CollectionsService.getCollectionsList","Request ID: 26282f6e-a8b4-4055-be30-3b06228041fb, Getting collections list for user: RDK006"
"2026-02-09T09:23:40.593463200Z","19bd13fb","INFO","CollectionsController.getEnvironments","Request ID: b9fe0fa6-4eba-423d-956e-f12ef6121de3, Environments retrieved successfully"
"2026-02-09T09:23:40.596705500Z","6a217998","INFO","CollectionsController.getCollectionsList","Request ID: 26282f6e-a8b4-4055-be30-3b06228041fb, Collections list retrieved successfully"
"2026-02-09T09:23:40.618057900Z","26e81244","INFO","CollectionsController.getCollectionDetails","Request ID: f94d3a9a-5c1c-47bc-8f2e-4683c428dae5, Getting collection details for: col-2"
"2026-02-09T09:23:40.618057900Z","1d19cbb3","INFO","CollectionsController.getCollectionDetails","Request ID: 708673ca-28ba-4199-afa8-04d9a4c8da12, Getting collection details for: col-1"
"2026-02-09T09:23:40.621908800Z","26c81e20","INFO","CollectionsController.getCollectionDetails","Request ID: 708673ca-28ba-4199-afa8-04d9a4c8da12, Collection details retrieved successfully"
"2026-02-09T09:23:40.623405600Z","52c9810a","INFO","CollectionsController.getCollectionDetails","Request ID: f94d3a9a-5c1c-47bc-8f2e-4683c428dae5, Collection details retrieved successfully"
"2026-02-09T09:23:40.625482300Z","1782722f","INFO","CollectionsController.getRequestDetails","Request ID: 5cb255e8-9fa6-439d-8a97-0c4eb657719f, Getting request details for: req-1"
"2026-02-09T09:23:40.639325200Z","1a696f5a","INFO","CollectionsController.getRequestDetails","Request ID: 5cb255e8-9fa6-439d-8a97-0c4eb657719f, Request details retrieved successfully"
"2026-02-09T09:23:40.641333200Z","eedf22e4","INFO","CollectionsController.generateCodeSnippet","Request ID: ac985a74-0299-4d26-a4ee-9c28fab787c1, Generating code snippet for language: curl"
"2026-02-09T09:23:40.643823400Z","5b905812","INFO","CollectionsController.generateCodeSnippet","Request ID: ac985a74-0299-4d26-a4ee-9c28fab787c1, Code snippet generated successfully"
"2026-02-09T09:23:56.314672200Z","0af17659","INFO","CollectionsController.getEnvironments","Request ID: 4656f0d2-b584-421e-83e7-1456a009b90b, Getting environments for user: RDK006"
"2026-02-09T09:23:56.314672200Z","8f7b39f2","INFO","CollectionsController.getCollectionsList","Request ID: e5899579-13e5-4474-b2d8-44b32bf9c608, Getting collections list for user: RDK006"
"2026-02-09T09:23:56.317679300Z","9ca1491b","INFO","CollectionsService.getCollectionsList","Request ID: e5899579-13e5-4474-b2d8-44b32bf9c608, Getting collections list for user: RDK006"
"2026-02-09T09:23:56.317679300Z","9c53fc6a","INFO","CollectionsController.getEnvironments","Request ID: 4656f0d2-b584-421e-83e7-1456a009b90b, Environments retrieved successfully"
"2026-02-09T09:23:56.320681200Z","ab8c2d82","INFO","CollectionsController.getCollectionsList","Request ID: e5899579-13e5-4474-b2d8-44b32bf9c608, Collections list retrieved successfully"
"2026-02-09T09:23:56.337962300Z","c80cc888","INFO","CollectionsController.getCollectionDetails","Request ID: 18234be1-0e6a-4856-97a4-357782b1442c, Getting collection details for: col-1"
"2026-02-09T09:23:56.337962300Z","4e011a0e","INFO","CollectionsController.getCollectionDetails","Request ID: 173dc852-afd1-40a3-8a82-320fbecc6b19, Getting collection details for: col-2"
"2026-02-09T09:23:56.341169400Z","21eed970","INFO","CollectionsController.getCollectionDetails","Request ID: 18234be1-0e6a-4856-97a4-357782b1442c, Collection details retrieved successfully"
"2026-02-09T09:23:56.341169400Z","094682f5","INFO","CollectionsController.getCollectionDetails","Request ID: 173dc852-afd1-40a3-8a82-320fbecc6b19, Collection details retrieved successfully"
"2026-02-09T09:23:56.354993600Z","f92cf5ff","INFO","CollectionsController.getRequestDetails","Request ID: f859a568-ac96-4a06-a112-bcf7e6ecf550, Getting request details for: req-1"
"2026-02-09T09:23:56.357992200Z","6060e9c3","INFO","CollectionsController.getRequestDetails","Request ID: f859a568-ac96-4a06-a112-bcf7e6ecf550, Request details retrieved successfully"
"2026-02-09T09:23:56.372628100Z","f172944b","INFO","CollectionsController.generateCodeSnippet","Request ID: 685c3567-029e-446e-93d2-0de059570285, Generating code snippet for language: curl"
"2026-02-09T09:23:56.374627800Z","6a402e1a","INFO","CollectionsController.generateCodeSnippet","Request ID: 685c3567-029e-446e-93d2-0de059570285, Code snippet generated successfully"
"2026-02-09T09:24:42.022833200Z","87f27126","INFO","CollectionsController.getCollectionsList","Request ID: 5d738286-3afc-41f6-8ed3-124796e10c2b, Getting collections list for user: RDK006"
"2026-02-09T09:24:42.023835500Z","669b3037","INFO","CollectionsController.getEnvironments","Request ID: b1a511dd-14e7-46e5-997c-d5def0ac570d, Getting environments for user: RDK006"
"2026-02-09T09:24:42.025859300Z","6721f897","INFO","CollectionsService.getCollectionsList","Request ID: 5d738286-3afc-41f6-8ed3-124796e10c2b, Getting collections list for user: RDK006"
"2026-02-09T09:24:42.026862700Z","f819b463","INFO","CollectionsController.getEnvironments","Request ID: b1a511dd-14e7-46e5-997c-d5def0ac570d, Environments retrieved successfully"
"2026-02-09T09:24:42.029117100Z","df6e40e8","INFO","CollectionsController.getCollectionsList","Request ID: 5d738286-3afc-41f6-8ed3-124796e10c2b, Collections list retrieved successfully"
"2026-02-09T09:24:42.061525400Z","25e6122c","INFO","CollectionsController.getCollectionDetails","Request ID: 95b9023c-1d96-43b8-be91-81f28b836a1c, Getting collection details for: col-1"
"2026-02-09T09:24:42.063539100Z","82747f92","INFO","CollectionsController.getCollectionDetails","Request ID: 7f38322f-ff40-4e40-8d09-9218d425a64e, Getting collection details for: col-2"
"2026-02-09T09:24:42.065551900Z","527cd5fa","INFO","CollectionsController.getCollectionDetails","Request ID: 95b9023c-1d96-43b8-be91-81f28b836a1c, Collection details retrieved successfully"
"2026-02-09T09:24:42.065551900Z","9e20043b","INFO","CollectionsController.getCollectionDetails","Request ID: 7f38322f-ff40-4e40-8d09-9218d425a64e, Collection details retrieved successfully"
"2026-02-09T09:24:42.080979200Z","be4cb3ff","INFO","CollectionsController.getRequestDetails","Request ID: a24f22ed-d647-4630-939e-828bbe2b749c, Getting request details for: req-1"
"2026-02-09T09:24:42.082980300Z","cd32e49b","INFO","CollectionsController.getRequestDetails","Request ID: a24f22ed-d647-4630-939e-828bbe2b749c, Request details retrieved successfully"
"2026-02-09T09:24:42.097365300Z","dcf67729","INFO","CollectionsController.generateCodeSnippet","Request ID: 24fb6008-3acf-43a2-8903-3e755fb09b11, Generating code snippet for language: curl"
"2026-02-09T09:24:42.102169600Z","2173eedd","INFO","CollectionsController.generateCodeSnippet","Request ID: 24fb6008-3acf-43a2-8903-3e755fb09b11, Code snippet generated successfully"
"2026-02-09T09:24:57.669990600Z","be956519","INFO","CollectionsController.getCollectionsList","Request ID: 569e8013-8cdc-457f-8651-d0b545738c5a, Getting collections list for user: RDK006"
"2026-02-09T09:24:57.670990200Z","e2cd0360","INFO","CollectionsController.getEnvironments","Request ID: c9df5784-7a8b-4d21-a775-3b570df93968, Getting environments for user: RDK006"
"2026-02-09T09:24:57.671993100Z","c0f239a1","INFO","CollectionsService.getCollectionsList","Request ID: 569e8013-8cdc-457f-8651-d0b545738c5a, Getting collections list for user: RDK006"
"2026-02-09T09:24:57.673991600Z","b2b5ebdd","INFO","CollectionsController.getEnvironments","Request ID: c9df5784-7a8b-4d21-a775-3b570df93968, Environments retrieved successfully"
"2026-02-09T09:24:57.673991600Z","172beaf8","INFO","CollectionsController.getCollectionsList","Request ID: 569e8013-8cdc-457f-8651-d0b545738c5a, Collections list retrieved successfully"
"2026-02-09T09:24:57.692239900Z","9a37fe5a","INFO","CollectionsController.getCollectionDetails","Request ID: 020a79eb-acb8-45d7-915e-ee4e540c0546, Getting collection details for: col-1"
"2026-02-09T09:24:57.692239900Z","73dbe9dd","INFO","CollectionsController.getCollectionDetails","Request ID: 9dc21a2d-ebf0-4ccf-9086-67064147b67f, Getting collection details for: col-2"
"2026-02-09T09:24:57.692239900Z","44b0654b","INFO","CollectionsController.getCollectionDetails","Request ID: 020a79eb-acb8-45d7-915e-ee4e540c0546, Collection details retrieved successfully"
"2026-02-09T09:24:57.696615100Z","4b0a42f0","INFO","CollectionsController.getCollectionDetails","Request ID: 9dc21a2d-ebf0-4ccf-9086-67064147b67f, Collection details retrieved successfully"
"2026-02-09T09:24:57.709916500Z","1f372f10","INFO","CollectionsController.getRequestDetails","Request ID: fb001f46-89cb-474a-afc9-007054a1c125, Getting request details for: req-1"
"2026-02-09T09:24:57.711919900Z","05cb265b","INFO","CollectionsController.getRequestDetails","Request ID: fb001f46-89cb-474a-afc9-007054a1c125, Request details retrieved successfully"
"2026-02-09T09:24:57.735752800Z","7f73d036","INFO","CollectionsController.generateCodeSnippet","Request ID: 9bf0a3a9-6735-4567-846d-9d2e238e1ab1, Generating code snippet for language: curl"
"2026-02-09T09:24:57.737755Z","1ad776e7","INFO","CollectionsController.generateCodeSnippet","Request ID: 9bf0a3a9-6735-4567-846d-9d2e238e1ab1, Code snippet generated successfully"
"2026-02-09T10:07:38.474858600Z","e10226df","INFO","CollectionsController.getCollectionsList","Request ID: 7af89249-ca12-409f-a70e-fd6f4678811f, Getting collections list for user: RDK006"
"2026-02-09T10:07:38.474858600Z","104c42b9","INFO","CollectionsController.getEnvironments","Request ID: e55b7bc6-dfda-490c-b352-edd84e129568, Getting environments for user: RDK006"
"2026-02-09T10:07:38.478123200Z","8d9329df","INFO","CollectionsService.getCollectionsList","Request ID: 7af89249-ca12-409f-a70e-fd6f4678811f, Getting collections list for user: RDK006"
"2026-02-09T10:07:38.478123200Z","1facfd9c","INFO","CollectionsController.getEnvironments","Request ID: e55b7bc6-dfda-490c-b352-edd84e129568, Environments retrieved successfully"
"2026-02-09T10:07:38.480563200Z","eb713453","INFO","CollectionsController.getCollectionsList","Request ID: 7af89249-ca12-409f-a70e-fd6f4678811f, Collections list retrieved successfully"
"2026-02-09T10:07:38.567267600Z","e8903ded","INFO","CollectionsController.getCollectionDetails","Request ID: 3ca50095-2a8c-4595-a47f-ac5d04be11c1, Getting collection details for: col-2"
"2026-02-09T10:07:38.567267600Z","f280c4b6","INFO","CollectionsController.getCollectionDetails","Request ID: 080ee278-bcfb-4556-9e5b-1b44f8f3662b, Getting collection details for: col-1"
"2026-02-09T10:07:38.572521900Z","5e2e3ac1","INFO","CollectionsController.getCollectionDetails","Request ID: 3ca50095-2a8c-4595-a47f-ac5d04be11c1, Collection details retrieved successfully"
"2026-02-09T10:07:38.574032Z","89c7eca7","INFO","CollectionsController.getCollectionDetails","Request ID: 080ee278-bcfb-4556-9e5b-1b44f8f3662b, Collection details retrieved successfully"
"2026-02-09T10:07:38.599526600Z","8342911b","INFO","CollectionsController.getRequestDetails","Request ID: 483b431c-55fb-4858-8988-65491612e24f, Getting request details for: req-1"
"2026-02-09T10:07:38.602843900Z","5b619af6","INFO","CollectionsController.getRequestDetails","Request ID: 483b431c-55fb-4858-8988-65491612e24f, Request details retrieved successfully"
"2026-02-09T10:07:38.618604Z","6c089f2b","INFO","CollectionsController.generateCodeSnippet","Request ID: f2d4b6a7-1d62-4fe3-a0fe-3b07a3367e54, Generating code snippet for language: curl"
"2026-02-09T10:07:38.622648300Z","4b3dabf1","INFO","CollectionsController.generateCodeSnippet","Request ID: f2d4b6a7-1d62-4fe3-a0fe-3b07a3367e54, Code snippet generated successfully"
"2026-02-09T10:07:57.684782400Z","91125897","INFO","CollectionsController.getCollectionsList","Request ID: e03a8c0d-3581-4f32-a0d3-3637f6781f82, Getting collections list for user: RDK006"
"2026-02-09T10:07:57.716217Z","81aae30e","INFO","CollectionsController.getEnvironments","Request ID: 6e8c9ee7-9415-41ab-a039-2de0672fa890, Getting environments for user: RDK006"
"2026-02-09T10:07:57.841980Z","4df2f7f1","INFO","CollectionsService.getCollectionsList","Request ID: e03a8c0d-3581-4f32-a0d3-3637f6781f82, Getting collections list for user: RDK006"
"2026-02-09T10:07:57.854043800Z","e3e4ab8b","INFO","CollectionsController.getEnvironments","Request ID: 6e8c9ee7-9415-41ab-a039-2de0672fa890, Environments retrieved successfully"
"2026-02-09T10:07:57.860187700Z","1cf17363","INFO","CollectionsController.getCollectionsList","Request ID: e03a8c0d-3581-4f32-a0d3-3637f6781f82, Collections list retrieved successfully"
"2026-02-09T10:07:57.968506Z","ad0e25b1","INFO","CollectionsController.getCollectionDetails","Request ID: c2c5a0d9-0b34-4a07-9cbf-926587352f2c, Getting collection details for: col-2"
"2026-02-09T10:07:57.968506Z","96a2a1b4","INFO","CollectionsController.getCollectionDetails","Request ID: 476c4caf-f961-48c8-bffb-a438ea15db64, Getting collection details for: col-1"
"2026-02-09T10:07:57.971535800Z","e0d2d628","INFO","CollectionsController.getCollectionDetails","Request ID: c2c5a0d9-0b34-4a07-9cbf-926587352f2c, Collection details retrieved successfully"
"2026-02-09T10:07:57.973544700Z","29f67437","INFO","CollectionsController.getCollectionDetails","Request ID: 476c4caf-f961-48c8-bffb-a438ea15db64, Collection details retrieved successfully"
"2026-02-09T10:07:58.005359900Z","70821d8e","INFO","CollectionsController.getRequestDetails","Request ID: 9824e3b1-3fe8-40ae-a66c-7614f8c86183, Getting request details for: req-1"
"2026-02-09T10:07:58.018669600Z","646e5419","INFO","CollectionsController.getRequestDetails","Request ID: 9824e3b1-3fe8-40ae-a66c-7614f8c86183, Request details retrieved successfully"
"2026-02-09T10:07:58.089624100Z","aeca7fe6","INFO","CollectionsController.generateCodeSnippet","Request ID: e8aab54f-240b-4c7c-8263-76b297d04835, Generating code snippet for language: curl"
"2026-02-09T10:07:58.270379900Z","6300dd72","INFO","CollectionsController.generateCodeSnippet","Request ID: e8aab54f-240b-4c7c-8263-76b297d04835, Code snippet generated successfully"
"2026-02-09T10:30:22.303275100Z","432742c1","INFO","CollectionsController.getCollectionsList","Request ID: 272e5869-3985-4442-8935-ea37e4ade844, Getting collections list for user: RDK006"
"2026-02-09T10:30:22.303275100Z","afbe5a3f","INFO","CollectionsController.getEnvironments","Request ID: f0b401b8-4a1f-4685-a8b2-327d6581d483, Getting environments for user: RDK006"
"2026-02-09T10:30:22.306700200Z","163bd8ac","INFO","CollectionsController.getEnvironments","Request ID: f0b401b8-4a1f-4685-a8b2-327d6581d483, Environments retrieved successfully"
"2026-02-09T10:30:22.306700200Z","f7792ef1","INFO","CollectionsService.getCollectionsList","Request ID: 272e5869-3985-4442-8935-ea37e4ade844, Getting collections list for user: RDK006"
"2026-02-09T10:30:22.310166300Z","930b77e2","INFO","CollectionsController.getCollectionsList","Request ID: 272e5869-3985-4442-8935-ea37e4ade844, Collections list retrieved successfully"
"2026-02-09T10:30:22.325541500Z","ac3d9bd4","INFO","CollectionsController.getCollectionDetails","Request ID: dd600167-230b-457d-afd2-ad4c63c25e2f, Getting collection details for: col-1"
"2026-02-09T10:30:22.325541500Z","4a0b05d7","INFO","CollectionsController.getCollectionDetails","Request ID: e4962419-67f7-471b-a730-67936e5f7644, Getting collection details for: col-2"
"2026-02-09T10:30:22.325541500Z","d3732c57","INFO","CollectionsController.getCollectionDetails","Request ID: e4962419-67f7-471b-a730-67936e5f7644, Collection details retrieved successfully"
"2026-02-09T10:30:22.325541500Z","ca08d690","INFO","CollectionsController.getCollectionDetails","Request ID: dd600167-230b-457d-afd2-ad4c63c25e2f, Collection details retrieved successfully"
"2026-02-09T10:30:22.341068Z","d6ff019d","INFO","CollectionsController.getRequestDetails","Request ID: 69a2abb1-7baa-48d1-8248-52d8b1fd453c, Getting request details for: req-1"
"2026-02-09T10:30:22.343035Z","f26fb203","INFO","CollectionsController.getRequestDetails","Request ID: 69a2abb1-7baa-48d1-8248-52d8b1fd453c, Request details retrieved successfully"
"2026-02-09T10:30:22.358131900Z","0c96fed6","INFO","CollectionsController.generateCodeSnippet","Request ID: 26e98386-2f2a-497b-ba39-737f7d665735, Generating code snippet for language: curl"
"2026-02-09T10:30:22.358882300Z","f7f2f77e","INFO","CollectionsController.generateCodeSnippet","Request ID: 26e98386-2f2a-497b-ba39-737f7d665735, Code snippet generated successfully"
"2026-02-09T10:30:23.645853500Z","e18aba02","INFO","CollectionsController.getEnvironments","Request ID: 2dc9bee9-9569-437c-9f27-f09b50ccaa16, Getting environments for user: RDK006"
"2026-02-09T10:30:23.645853500Z","8a0c0f99","INFO","CollectionsController.getCollectionsList","Request ID: 94325106-ebba-4607-a6b2-370c75a5870a, Getting collections list for user: RDK006"
"2026-02-09T10:30:23.648907200Z","80227419","INFO","CollectionsService.getCollectionsList","Request ID: 94325106-ebba-4607-a6b2-370c75a5870a, Getting collections list for user: RDK006"
"2026-02-09T10:30:23.648907200Z","b312b86d","INFO","CollectionsController.getEnvironments","Request ID: 2dc9bee9-9569-437c-9f27-f09b50ccaa16, Environments retrieved successfully"
"2026-02-09T10:30:23.651356Z","72253986","INFO","CollectionsController.getCollectionsList","Request ID: 94325106-ebba-4607-a6b2-370c75a5870a, Collections list retrieved successfully"
"2026-02-09T10:30:23.658673100Z","8b4dade7","INFO","CollectionsController.getCollectionDetails","Request ID: 375d5936-9486-4d80-8ac2-329cd7f758b1, Getting collection details for: col-2"
"2026-02-09T10:30:23.658673100Z","9e36da70","INFO","CollectionsController.getCollectionDetails","Request ID: 7b5db717-0097-4287-b587-7b202fd4ced5, Getting collection details for: col-1"
"2026-02-09T10:30:23.658673100Z","a76bd5d4","INFO","CollectionsController.getCollectionDetails","Request ID: 375d5936-9486-4d80-8ac2-329cd7f758b1, Collection details retrieved successfully"
"2026-02-09T10:30:23.658673100Z","032d17c0","INFO","CollectionsController.getCollectionDetails","Request ID: 7b5db717-0097-4287-b587-7b202fd4ced5, Collection details retrieved successfully"
"2026-02-09T10:30:23.679337400Z","6a755852","INFO","CollectionsController.getRequestDetails","Request ID: dcc1e22f-e024-471e-8f36-c2541f7a3836, Getting request details for: req-1"
"2026-02-09T10:30:23.679337400Z","836dc6fd","INFO","CollectionsController.getRequestDetails","Request ID: dcc1e22f-e024-471e-8f36-c2541f7a3836, Request details retrieved successfully"
"2026-02-09T10:30:23.682801600Z","2bf9935c","INFO","CollectionsController.generateCodeSnippet","Request ID: 01fa2d14-0289-4458-bbd5-62293e72e4f7, Generating code snippet for language: curl"
"2026-02-09T10:30:23.685497300Z","b672f417","INFO","CollectionsController.generateCodeSnippet","Request ID: 01fa2d14-0289-4458-bbd5-62293e72e4f7, Code snippet generated successfully"
"2026-02-09T11:30:25.752411Z","8167307e","INFO","CollectionsController.getEnvironments","Request ID: af697312-9d09-4488-8ca9-aa3155b2a83e, Getting environments for user: RDK006"
"2026-02-09T11:30:25.756651100Z","a92a5a01","INFO","CollectionsController.getCollectionsList","Request ID: 8cd33b50-b799-4dae-b2ab-75d241b50b5a, Getting collections list for user: RDK006"
"2026-02-09T11:30:25.761764500Z","2b354e5f","INFO","CollectionsController.getEnvironments","Request ID: af697312-9d09-4488-8ca9-aa3155b2a83e, Environments retrieved successfully"
"2026-02-09T11:30:25.762870800Z","288d1ff3","INFO","CollectionsService.getCollectionsList","Request ID: 8cd33b50-b799-4dae-b2ab-75d241b50b5a, Getting collections list for user: RDK006"
"2026-02-09T11:30:25.769461300Z","e4431bd6","INFO","CollectionsController.getCollectionsList","Request ID: 8cd33b50-b799-4dae-b2ab-75d241b50b5a, Collections list retrieved successfully"
"2026-02-09T11:30:25.802323300Z","ad224e7b","INFO","CollectionsController.getCollectionDetails","Request ID: a485465a-2168-4e8c-a9ec-032f8e30a567, Getting collection details for: col-2"
"2026-02-09T11:30:25.802323300Z","cc236913","INFO","CollectionsController.getCollectionDetails","Request ID: b23ad4e4-f14e-45d8-a8dc-720ab7ecc776, Getting collection details for: col-1"
"2026-02-09T11:30:25.815477Z","dc60ef94","INFO","CollectionsController.getCollectionDetails","Request ID: a485465a-2168-4e8c-a9ec-032f8e30a567, Collection details retrieved successfully"
"2026-02-09T11:30:25.815477Z","f06a6632","INFO","CollectionsController.getCollectionDetails","Request ID: b23ad4e4-f14e-45d8-a8dc-720ab7ecc776, Collection details retrieved successfully"
"2026-02-09T11:30:25.861359400Z","aed648f5","INFO","CollectionsController.getRequestDetails","Request ID: 2e8bebf3-6180-4f63-ab52-c9b851437462, Getting request details for: req-1"
"2026-02-09T11:30:25.872569Z","db5179a4","INFO","CollectionsController.getRequestDetails","Request ID: 2e8bebf3-6180-4f63-ab52-c9b851437462, Request details retrieved successfully"
"2026-02-09T11:30:25.917388700Z","4dc81c94","INFO","CollectionsController.generateCodeSnippet","Request ID: 75a1b240-dc23-4878-bdf5-81244a7c88c5, Generating code snippet for language: curl"
"2026-02-09T11:30:25.929253300Z","5b70c848","INFO","CollectionsController.generateCodeSnippet","Request ID: 75a1b240-dc23-4878-bdf5-81244a7c88c5, Code snippet generated successfully"
